Date,EURUSD_Close,NZDUSD_Close
2020-01-01,1.1220825910568237,0.6785798072814941
2020-01-02,1.1220825910568237,0.6737182140350342
2020-01-03,1.1171437501907349,0.6700212359428406
2020-01-06,1.1161960363388062,0.665530800819397
2020-01-07,1.1197994947433472,0.6669512391090393
2020-01-08,1.1154738664627075,0.6631211638450623
2020-01-09,1.1113210916519165,0.6654289960861206
2020-01-10,1.1111111640930176,0.6607987880706787
2020-01-13,1.1116669178009033,0.6637682318687439
2020-01-14,1.1135733127593994,0.6626817584037781
2020-01-15,1.113089919090271,0.660969078540802
2020-01-16,1.1154004335403442,0.6619185209274292
2020-01-17,1.1139578819274902,0.6638211011886597
2020-01-20,1.1094592809677124,0.6619710922241211
2020-01-21,1.109693169593811,0.6608904600143433
2020-01-22,1.108561396598816,0.6595305800437927
2020-01-23,1.1096439361572266,0.659639298915863
2020-01-24,1.1055220365524292,0.6614719033241272
2020-01-27,1.1025358438491821,0.6572720408439636
2020-01-28,1.101976990699768,0.6545788049697876
2020-01-29,1.1022562980651855,0.6540094017982483
2020-01-30,1.1016855239868164,0.6527202129364014
2020-01-31,1.1029127836227417,0.6485421061515808
2020-02-03,1.1089794635772705,0.6459489464759827
2020-02-04,1.1062926054000854,0.6461117267608643
2020-02-05,1.1047282218933105,0.6493801474571228
2020-02-06,1.1002310514450073,0.6481889486312866
2020-02-07,1.0982975959777832,0.6463000178337097
2020-02-10,1.0949305295944214,0.6399590373039246
2020-02-11,1.0913456678390503,0.6388592720031738
2020-02-12,1.091941475868225,0.6406519412994385
2020-02-13,1.0875948667526245,0.6447120904922485
2020-02-14,1.0845986604690552,0.6443091630935669
2020-02-17,1.0841753482818604,0.6446580290794373
2020-02-18,1.0840108394622803,0.6438984274864197
2020-02-19,1.079540491104126,0.6394516229629517
2020-02-20,1.081009864807129,0.6389816999435425
2020-02-21,1.078799843788147,0.6332480907440186
2020-02-24,1.0839051008224487,0.6323310732841492
2020-02-25,1.0849199295043945,0.6344292163848877
2020-02-26,1.0881996154785156,0.6321592330932617
2020-02-27,1.0885894298553467,0.6286817193031311
2020-02-28,1.0997228622436523,0.6311696767807007
2020-03-02,1.1051311492919922,0.6229403614997864
2020-03-03,1.1144047975540161,0.6265585422515869
2020-03-04,1.118067979812622,0.6269199252128601
2020-03-05,1.113908290863037,0.6300284266471863
2020-03-06,1.1223849058151245,0.6313091516494751
2020-03-09,1.1386020183563232,0.6329394578933716
2020-03-10,1.1397960186004639,0.6341515779495239
2020-03-11,1.1316505670547485,0.6268099546432495
2020-03-12,1.1261515617370605,0.6264290809631348
2020-03-13,1.1184931993484497,0.6114487648010254
2020-03-16,1.115536093711853,0.6050997972488403
2020-03-17,1.1163206100463867,0.6044706702232361
2020-03-18,1.101552128791809,0.5949299931526184
2020-03-19,1.0961546897888184,0.5730692148208618
2020-03-20,1.0657345056533813,0.5684757828712463
2020-03-23,1.0694386959075928,0.5626100301742554
2020-03-24,1.0764610767364502,0.574418842792511
2020-03-25,1.080263614654541,0.5829713940620422
2020-03-26,1.0889569520950317,0.5812196135520935
2020-03-27,1.1048258543014526,0.5979001522064209
2020-03-30,1.113908290863037,0.6058292984962463
2020-03-31,1.1030466556549072,0.6009796261787415
2020-04-01,1.102657437324524,0.5951389074325562
2020-04-02,1.0953621864318848,0.5936902165412903
2020-04-03,1.0847399234771729,0.5914394855499268
2020-04-06,1.0806955099105835,0.5854012370109558
2020-04-07,1.0803803205490112,0.5950610041618347
2020-04-08,1.0895144939422607,0.5962993502616882
2020-04-09,1.0863661766052246,0.6016702651977539
2020-04-10,1.0927408933639526,0.6077216863632202
2020-04-13,1.0932666063308716,0.6075407862663269
2020-04-14,1.0922993421554565,0.6102696061134338
2020-04-15,1.098538875579834,0.6101199388504028
2020-04-16,1.0905101299285889,0.5995994806289673
2020-04-17,1.0858471393585205,0.5998692512512207
2020-04-20,1.0866966247558594,0.601550817489624
2020-04-21,1.0864840745925903,0.6045108437538147
2020-04-22,1.0856467485427856,0.5964096188545227
2020-04-23,1.080964207649231,0.5924205780029297
2020-04-24,1.077702283859253,0.6005717515945435
2020-04-27,1.08236825466156,0.6021702289581299
2020-04-28,1.0824854373931885,0.6024604439735413
2020-04-29,1.0836584568023682,0.607810378074646
2020-04-30,1.087725043296814,0.6142000555992126
2020-05-01,1.094546914100647,0.6120288372039795
2020-05-04,1.0959625244140625,0.6016412973403931
2020-05-05,1.0904293060302734,0.605029821395874
2020-05-06,1.0838581323623657,0.6053100228309631
2020-05-07,1.0798553228378296,0.6006998419761658
2020-05-08,1.0837171077728271,0.6095698475837708
2020-05-11,1.0839520692825317,0.6143185496330261
2020-05-12,1.080940842628479,0.6077697277069092
2020-05-13,1.0846810340881348,0.6069986820220947
2020-05-14,1.08236825466156,0.5999088287353516
2020-05-15,1.0806955099105835,0.6013012528419495
2020-05-18,1.0821340084075928,0.5936691164970398
2020-05-19,1.0915124416351318,0.6040598750114441
2020-05-20,1.0927767753601074,0.6086501479148865
2020-05-21,1.0982975959777832,0.614809513092041
2020-05-22,1.0952903032302856,0.6123398542404175
2020-05-25,1.0907801389694214,0.6105006337165833
2020-05-26,1.0902997255325317,0.6106609106063843
2020-05-27,1.0981770753860474,0.6198398470878601
2020-05-28,1.1016855239868164,0.618739128112793
2020-05-29,1.1079105138778687,0.6199781894683838
2020-06-01,1.1118524074554443,0.6199012994766235
2020-06-02,1.1125946044921875,0.6281801462173462
2020-06-03,1.118943691253662,0.6385492086410522
2020-06-04,1.1235954761505127,0.6428387761116028
2020-06-05,1.1337867975234985,0.6463789939880371
2020-06-08,1.1319515705108643,0.6537613868713379
2020-06-09,1.1305567026138306,0.6567497253417969
2020-06-10,1.1332215070724487,0.6497303247451782
2020-06-11,1.1365444660186768,0.6510586142539978
2020-06-12,1.1288082599639893,0.6413010954856873
2020-06-15,1.1252011060714722,0.6417208313941956
2020-06-16,1.1337740421295166,0.6499203443527222
2020-06-17,1.1265701055526733,0.6460198760032654
2020-06-18,1.1242902278900146,0.6446402072906494
2020-06-19,1.1211000680923462,0.642937958240509
2020-06-22,1.1177555322647095,0.6402007341384888
2020-06-23,1.1279679536819458,0.649599552154541
2020-06-24,1.1312345266342163,0.6500301957130432
2020-06-25,1.1250872611999512,0.6404016613960266
2020-06-26,1.1222084760665894,0.6430785655975342
2020-06-29,1.1225864887237549,0.6419391632080078
2020-06-30,1.1247202157974243,0.6427395939826965
2020-07-01,1.1235954761505127,0.6451113224029541
2020-07-02,1.1251378059387207,0.6479201316833496
2020-07-03,1.1237848997116089,0.65091872215271
2020-07-06,1.1247202157974243,0.6538383364677429
2020-07-07,1.1312856674194336,0.6558882594108582
2020-07-08,1.1275228261947632,0.6549388766288757
2020-07-09,1.1339154243469238,0.6574016809463501
2020-07-10,1.1287955045700073,0.6569395661354065
2020-07-13,1.1310042142868042,0.6574997901916504
2020-07-14,1.134549617767334,0.6538383364677429
2020-07-15,1.1410704851150513,0.654360294342041
2020-07-16,1.1417193412780762,0.6573001742362976
2020-07-17,1.139211654663086,0.6542105078697205
2020-07-20,1.1442956924438477,0.6562497615814209
2020-07-21,1.1458691358566284,0.6581414937973022
2020-07-22,1.15340256690979,0.6646903157234192
2020-07-23,1.1568717956542969,0.6657390594482422
2020-07-24,1.1596084833145142,0.663561224937439
2020-07-27,1.1652567386627197,0.6644695401191711
2020-07-28,1.1769275665283203,0.6688382029533386
2020-07-29,1.171879529953003,0.6660600900650024
2020-07-30,1.1782865524291992,0.6656593084335327
2020-07-31,1.1872254610061646,0.6696891784667969
2020-08-03,1.1782310009002686,0.6637109518051147
2020-08-04,1.1763322353363037,0.6615402102470398
2020-08-05,1.181544303894043,0.664548933506012
2020-08-06,1.187281847000122,0.664818525314331
2020-08-07,1.1876484155654907,0.6684491634368896
2020-08-10,1.1782727241516113,0.6601095795631409
2020-08-11,1.1737778186798096,0.6593479514122009
2020-08-12,1.1736538410186768,0.6569395661354065
2020-08-13,1.179380178451538,0.6576480865478516
2020-08-14,1.1816558837890625,0.6547288298606873
2020-08-17,1.1852554082870483,0.6543817520141602
2020-08-18,1.1876484155654907,0.6554712057113647
2020-08-19,1.1947859525680542,0.6610389947891235
2020-08-20,1.1843500137329102,0.6561594009399414
2020-08-21,1.1873664855957031,0.6542105078697205
2020-08-24,1.1798018217086792,0.6538811326026917
2020-08-25,1.1794538497924805,0.6529998183250427
2020-08-26,1.183501958847046,0.6552993655204773
2020-08-27,1.1842728853225708,0.6633411049842834
2020-08-28,1.1819632053375244,0.6645312905311584
2020-08-31,1.1918240785598755,0.6745316982269287
2020-09-01,1.193901538848877,0.6732601523399353
2020-09-02,1.1923214197158813,0.6768602132797241
2020-09-03,1.184735894203186,0.6767502427101135
2020-09-04,1.1839784383773804,0.6689102053642273
2020-09-07,1.183445930480957,0.6712896227836609
2020-09-08,1.1821727752685547,0.6691021919250488
2020-09-09,1.177024483680725,0.6612619757652283
2020-09-10,1.1806375980377197,0.6682080030441284
2020-09-11,1.1824384927749634,0.6646991968154907
2020-09-14,1.1842728853225708,0.6685296297073364
2020-09-15,1.187000036239624,0.6699718832969666
2020-09-16,1.1844412088394165,0.6710913777351379
2020-09-17,1.1803449392318726,0.6721695065498352
2020-09-18,1.1848200559616089,0.6762696504592896
2020-09-21,1.1845533847808838,0.6758995056152344
2020-09-22,1.176800012588501,0.6666000485420227
2020-09-23,1.1708368062973022,0.6632398962974548
2020-09-24,1.1658544540405273,0.6545187830924988
2020-09-25,1.1673243045806885,0.6549903750419617
2020-09-28,1.1635348796844482,0.6551792025566101
2020-09-29,1.167883276939392,0.6568015217781067
2020-09-30,1.1742050647735596,0.6600921154022217
2020-10-01,1.1726078987121582,0.6622779369354248
2020-10-02,1.1744946241378784,0.6651412844657898
2020-10-05,1.1720443964004517,0.6639797687530518
2020-10-06,1.1792453527450562,0.6653802394866943
2020-10-07,1.1737639904022217,0.6590003371238708
2020-10-08,1.176747441291809,0.6574103236198425
2020-10-09,1.1767003536224365,0.6589394807815552
2020-10-12,1.181683897972107,0.6664400696754456
2020-10-13,1.1816140413284302,0.6649290323257446
2020-10-14,1.1742188930511475,0.6655396819114685
2020-10-15,1.1743981838226318,0.665619432926178
2020-10-16,1.1707134246826172,0.6598917841911316
2020-10-19,1.1715501546859741,0.6617783308029175
2020-10-20,1.176885962486267,0.6593087911605835
2020-10-21,1.1829839944839478,0.6580809354782104
2020-10-22,1.1853959560394287,0.6646196842193604
2020-10-23,1.1815024614334106,0.667159914970398
2020-10-26,1.1848480701446533,0.6684402823448181
2020-10-27,1.1809443235397339,0.6678001284599304
2020-10-28,1.1784114837646484,0.6700795888900757
2020-10-29,1.1748672723770142,0.6649687886238098
2020-10-30,1.1678695678710938,0.6629716753959656
2020-11-02,1.1642121076583862,0.6598482728004456
2020-11-03,1.1642799377441406,0.6632398962974548
2020-11-04,1.176221489906311,0.6729022264480591
2020-11-05,1.17326819896698,0.6700077652931213
2020-11-06,1.1817537546157837,0.6764892935752869
2020-11-09,1.1893010139465332,0.6797495484352112
2020-11-10,1.182732105255127,0.6825193166732788
2020-11-11,1.1818794012069702,0.6828222870826721
2020-11-12,1.1780297756195068,0.6902502179145813
2020-11-13,1.1803393363952637,0.6839009523391724
2020-11-16,1.1845253705978394,0.6871482729911804
2020-11-17,1.1859441995620728,0.690808117389679
2020-11-18,1.186366319656372,0.6893000602722168
2020-11-19,1.1847639083862305,0.6922091841697693
2020-11-20,1.1866477727890015,0.6906601786613464
2020-11-23,1.1866477727890015,0.6946905255317688
2020-11-24,1.1842728853225708,0.6931111812591553
2020-11-25,1.1900511980056763,0.6979097723960876
2020-11-26,1.1920002698898315,0.7004076242446899
2020-11-27,1.191599726676941,0.7003389596939087
2020-11-30,1.1971460580825806,0.7035019993782043
2020-12-01,1.193816065788269,0.7018824815750122
2020-12-02,1.2074378728866577,0.7069985866546631
2020-12-03,1.2114603519439697,0.7071500420570374
2020-12-04,1.2145650386810303,0.7073386311531067
2020-12-07,1.212135910987854,0.7041400671005249
2020-12-08,1.2113136053085327,0.7040518522262573
2020-12-09,1.2110936641693115,0.7040716409683228
2020-12-10,1.207875370979309,0.7016411423683167
2020-12-11,1.2144293785095215,0.70940101146698
2020-12-14,1.213340401649475,0.7098491191864014
2020-12-15,1.214889645576477,0.7085816264152527
2020-12-16,1.2154301404953003,0.7086820602416992
2020-12-17,1.2199585437774658,0.7110403180122375
2020-12-18,1.226271629333496,0.7147911787033081
2020-12-21,1.221612811088562,0.7104896903038025
2020-12-22,1.2236906290054321,0.7096678018569946
2020-12-23,1.2186651229858398,0.7054275274276733
2020-12-24,1.2191405296325684,0.709679901599884
2020-12-25,1.2184720039367676,0.713749885559082
2020-12-28,1.2205095291137695,0.7115614414215088
2020-12-29,1.2223445177078247,0.7107997536659241
2020-12-30,1.225295066833496,0.7148601412773132
2020-12-31,1.2299896478652954,0.7215397357940674
2021-01-01,1.218026876449585,0.7181999087333679
2021-01-04,1.2250697612762451,0.7198387980461121
2021-01-05,1.2251598834991455,0.7178286910057068
2021-01-06,1.230027437210083,0.7256894111633301
2021-01-07,1.2341108322143555,0.7305775880813599
2021-01-08,1.227144479751587,0.7265488505363464
2021-01-11,1.2186205387115479,0.7199320793151855
2021-01-12,1.2160701751708984,0.7174013257026672
2021-01-13,1.2208894491195679,0.7229298949241638
2021-01-14,1.2162491083145142,0.7190313339233398
2021-01-15,1.2151259183883667,0.7217714786529541
2021-01-18,1.2068113088607788,0.7122507095336914
2021-01-19,1.207729458808899,0.7115817070007324
2021-01-20,1.2138868570327759,0.7128803133964539
2021-01-21,1.2115631103515625,0.7186385989189148
2021-01-22,1.2166293859481812,0.7216001749038696
2021-01-25,1.216944694519043,0.7183701395988464
2021-01-26,1.214624047279358,0.719990074634552
2021-01-27,1.216299295425415,0.7236900925636292
2021-01-28,1.2105072736740112,0.7142704129219055
2021-01-29,1.2120037078857422,0.717442512512207
2021-02-01,1.2123857736587524,0.7163375020027161
2021-02-02,1.2068694829940796,0.7165479063987732
2021-02-03,1.203905463218689,0.7196678519248962
2021-02-04,1.2042388916015625,0.7219695448875427
2021-02-05,1.1966731548309326,0.7160297632217407
2021-02-08,1.2048773765563965,0.7211625576019287
2021-02-09,1.2053595781326294,0.7226702570915222
2021-02-10,1.2119992971420288,0.7243799567222595
2021-02-11,1.2121212482452393,0.7218199968338013
2021-02-12,1.2131506204605103,0.7231180667877197
2021-02-15,1.2122093439102173,0.7219487428665161
2021-02-16,1.2132196426391602,0.723358690738678
2021-02-17,1.2092483043670654,0.718989908695221
2021-02-18,1.2048004865646362,0.719398558139801
2021-02-19,1.209189772605896,0.721870481967926
2021-02-22,1.2126356363296509,0.7312721014022827
2021-02-23,1.2166796922683716,0.7329819798469543
2021-02-24,1.215214490890503,0.7338700890541077
2021-02-25,1.2171372175216675,0.7445295453071594
2021-02-26,1.2160420417785645,0.7365506291389465
2021-03-01,1.208956003189087,0.7271193265914917
2021-03-02,1.2051095962524414,0.7274197936058044
2021-03-03,1.208546757698059,0.7292988300323486
2021-03-04,1.2050660848617554,0.7231912612915039
2021-03-05,1.1967735290527344,0.7178286910057068
2021-03-08,1.1925631761550903,0.7178596258163452
2021-03-09,1.185171127319336,0.7132616639137268
2021-03-10,1.1897906064987183,0.7179575562477112
2021-03-11,1.1926058530807495,0.7192174792289734
2021-03-12,1.1986095905303955,0.7227522134780884
2021-03-15,1.1950000524520874,0.7187315821647644
2021-03-16,1.1925773620605469,0.720352053642273
2021-03-17,1.190164566040039,0.7193002700805664
2021-03-18,1.1982792615890503,0.7251210808753967
2021-03-19,1.1918240785598755,0.7168099284172058
2021-03-22,1.1883116960525513,0.7152001261711121
2021-03-23,1.193303108215332,0.7133176326751709
2021-03-24,1.1840205192565918,0.6990220546722412
2021-03-25,1.1813069581985474,0.6969515085220337
2021-03-26,1.1776621341705322,0.6967815160751343
2021-03-29,1.1788004636764526,0.6994082927703857
2021-03-30,1.177100658416748,0.7009722590446472
2021-03-31,1.1723604202270508,0.6992420554161072
2021-04-01,1.1728830337524414,0.6983581781387329
2021-04-02,1.177994966506958,0.7024997472763062
2021-04-05,1.176816701889038,0.7031112313270569
2021-04-06,1.1818934679031372,0.7066688537597656
2021-04-07,1.1874228715896606,0.7063693404197693
2021-04-08,1.1873664855957031,0.7013409733772278
2021-04-09,1.1915684938430786,0.7061498761177063
2021-04-12,1.1900511980056763,0.703982412815094
2021-04-13,1.1914690732955933,0.7032397985458374
2021-04-14,1.1954143047332764,0.706119954586029
2021-04-15,1.1986095905303955,0.7140001058578491
2021-04-16,1.1971746683120728,0.7175711989402771
2021-04-19,1.1969454288482666,0.7127177715301514
2021-04-20,1.204529047012329,0.7190881967544556
2021-04-21,1.2032392024993896,0.7165479063987732
2021-04-22,1.2037750482559204,0.7204403877258301
2021-04-23,1.2014753818511963,0.7154299020767212
2021-04-26,1.2089852094650269,0.7191709280014038
2021-04-27,1.2081671953201294,0.7230082750320435
2021-04-28,1.2090305089950562,0.7204195857048035
2021-04-29,1.213592290878296,0.727300226688385
2021-04-30,1.2127091884613037,0.7247374653816223
2021-05-03,1.2027760744094849,0.7169898152351379
2021-05-04,1.2061271667480469,0.7198076248168945
2021-05-05,1.2015043497085571,0.7162697911262512
2021-05-06,1.2007973194122314,0.7219278216362
2021-05-07,1.2068549394607544,0.7232906818389893
2021-05-10,1.2171076536178589,0.7296074628829956
2021-05-11,1.2140932083129883,0.7271299362182617
2021-05-12,1.2144500017166138,0.7262691855430603
2021-05-13,1.2078505754470825,0.7164093852043152
2021-05-14,1.207729458808899,0.7182979583740234
2021-05-17,1.2150373458862305,0.7243909239768982
2021-05-18,1.2156872749328613,0.7219122052192688
2021-05-19,1.2223997116088867,0.7237984538078308
2021-05-20,1.217285394668579,0.7163118720054626
2021-05-21,1.222538709640503,0.7196574807167053
2021-05-24,1.2183235883712769,0.7173189520835876
2021-05-25,1.2214635610580444,0.7214798927307129
2021-05-26,1.2249093055725098,0.7224389910697937
2021-05-27,1.21925950050354,0.7278285026550293
2021-05-28,1.2193188667297363,0.7284275889396667
2021-05-31,1.2190067768096924,0.7242912650108337
2021-06-01,1.223286509513855,0.7277278900146484
2021-06-02,1.2217769622802734,0.7253314852714539
2021-06-03,1.220986247062683,0.7233482599258423
2021-06-04,1.2133007049560547,0.7148601412773132
2021-06-07,1.2168411016464233,0.7209701538085938
2021-06-08,1.2193634510040283,0.7225485444068909
2021-06-09,1.217285394668579,0.7190313339233398
2021-06-10,1.218200445175171,0.7171800136566162
2021-06-11,1.2172558307647705,0.7189486026763916
2021-06-14,1.2110203504562378,0.7138981223106384
2021-06-15,1.212224006652832,0.7143775820732117
2021-06-16,1.2127091884613037,0.7122507095336914
2021-06-17,1.1995586156845093,0.7071185111999512
2021-06-18,1.1913414001464844,0.7015377879142761
2021-06-21,1.1873664855957031,0.6949077248573303
2021-06-22,1.1912561655044556,0.6986313462257385
2021-06-23,1.1936734914779663,0.7017987370491028
2021-06-24,1.1933174133300781,0.7045577764511108
2021-06-25,1.1930327415466309,0.7063194513320923
2021-06-28,1.1942152976989746,0.70689857006073
2021-06-29,1.1928904056549072,0.7048904895782471
2021-06-30,1.1901928186416626,0.6989800930023193
2021-07-01,1.1856770515441895,0.6996676325798035
2021-07-02,1.1846235990524292,0.6963691115379333
2021-07-05,1.1856207847595215,0.7025876045227051
2021-07-06,1.186380386352539,0.7052086591720581
2021-07-07,1.1824523210525513,0.7017691731452942
2021-07-08,1.17933988571167,0.7013409733772278
2021-07-09,1.184800386428833,0.6949077248573303
2021-07-12,1.187295913696289,0.7006186246871948
2021-07-13,1.186521053314209,0.6986606121063232
2021-07-14,1.1775373220443726,0.6944106817245483
2021-07-15,1.1833338737487793,0.7038784027099609
2021-07-16,1.1811814308166504,0.7011492252349854
2021-07-19,1.1814005374908447,0.6994816660881042
2021-07-20,1.1793843507766724,0.693600058555603
2021-07-21,1.1784114837646484,0.6923816800117493
2021-07-22,1.179273009300232,0.696097731590271
2021-07-23,1.1772738695144653,0.69810950756073
2021-07-26,1.1773432493209839,0.6983678936958313
2021-07-27,1.1807769536972046,0.7004797458648682
2021-07-28,1.1823126077651978,0.6963497400283813
2021-07-29,1.1845955848693848,0.6960588693618774
2021-07-30,1.1892997026443481,0.7011098861694336
2021-08-02,1.186704158782959,0.6974901556968689
2021-08-03,1.1874650716781616,0.6987192630767822
2021-08-04,1.1869436502456665,0.7045776844024658
2021-08-05,1.1837401390075684,0.7044088840484619
2021-08-06,1.1835720539093018,0.7048507928848267
2021-08-09,1.1749500036239624,0.6993300318717957
2021-08-10,1.17384672164917,0.6991980075836182
2021-08-11,1.172333002090454,0.7006480693817139
2021-08-12,1.1741899251937866,0.7041807174682617
2021-08-13,1.173626184463501,0.7005204558372498
2021-08-16,1.179467797279358,0.703982412815094
2021-08-17,1.177994966506958,0.7028493285179138
2021-08-18,1.1709738969802856,0.6927894949913025
2021-08-19,1.1703298091888428,0.6874505877494812
2021-08-20,1.1676595211029053,0.6820305585861206
2021-08-23,1.1697548627853394,0.6830880641937256
2021-08-24,1.1744533777236938,0.6894079446792603
2021-08-25,1.175309181213379,0.6938084959983826
2021-08-26,1.1774401664733887,0.6972820162773132
2021-08-27,1.1756407022476196,0.694531261920929
2021-08-30,1.1799006462097168,0.7012377381324768
2021-08-31,1.1796904802322388,0.6998194456100464
2021-09-01,1.1810280084609985,0.7051689028739929
2021-09-02,1.1840906143188477,0.7065889835357666
2021-09-03,1.1876484155654907,0.7110706567764282
2021-09-06,1.1885942220687866,0.7151899337768555
2021-09-07,1.1875073909759521,0.7136587500572205
2021-09-08,1.184356927871704,0.7097585201263428
2021-09-09,1.1819101572036743,0.7098290324211121
2021-09-10,1.1825922727584839,0.7105098962783813
2021-09-13,1.1811953783035278,0.711657702922821
2021-09-14,1.1811953783035278,0.7114601731300354
2021-09-15,1.1804981231689453,0.7095721364021301
2021-09-16,1.1819995641708374,0.7132006287574768
2021-09-17,1.176747441291809,0.7070900201797485
2021-09-20,1.1729930639266968,0.7033585906028748
2021-09-21,1.1730204820632935,0.7017691731452942
2021-09-22,1.17229163646698,0.6997313499450684
2021-09-23,1.168770432472229,0.6991002559661865
2021-09-24,1.1740258932113647,0.7065390348434448
2021-09-27,1.1723054647445679,0.7016608715057373
2021-09-28,1.1696795225143433,0.700790524482727
2021-09-29,1.1686338186264038,0.6960008144378662
2021-09-30,1.1601601839065552,0.6872379779815674
2021-10-01,1.1574475765228271,0.6896799206733704
2021-10-04,1.160725712776184,0.6941889524459839
2021-10-05,1.1618449687957764,0.6961801052093506
2021-10-06,1.1596084833145142,0.6956700682640076
2021-10-07,1.1555349826812744,0.6915820240974426
2021-10-08,1.1559758186340332,0.6938180923461914
2021-10-11,1.1566041707992554,0.6921613216400146
2021-10-12,1.1553747653961182,0.6943287253379822
2021-10-13,1.15340256690979,0.6925591230392456
2021-10-14,1.1599582433700562,0.6972284913063049
2021-10-15,1.159151554107666,0.7035713195800781
2021-10-18,1.1597026586532593,0.7084611654281616
2021-10-19,1.161386251449585,0.7091901898384094
2021-10-20,1.1631964445114136,0.7155686020851135
2021-10-21,1.1655012369155884,0.71986985206604
2021-10-22,1.1625338792800903,0.7155993580818176
2021-10-25,1.1640088558197021,0.7150722742080688
2021-10-26,1.161170482635498,0.7166198492050171
2021-10-27,1.1598236560821533,0.7168099284172058
2021-10-28,1.1600120067596436,0.7163888216018677
2021-10-29,1.1683608293533325,0.7195124626159668
2021-11-01,1.1556684970855713,0.7176483869552612
2021-11-02,1.1599582433700562,0.7179214954376221
2021-11-03,1.1579434871673584,0.7125806212425232
2021-11-04,1.1615750789642334,0.7176278233528137
2021-11-05,1.1555349826812744,0.7109695672988892
2021-11-08,1.1568851470947266,0.7109189629554749
2021-11-09,1.159151554107666,0.7162498235702515
2021-11-10,1.1595547199249268,0.712520182132721
2021-11-11,1.148593544960022,0.7066788077354431
2021-11-12,1.145081877708435,0.7024001479148865
2021-11-15,1.144164800643921,0.7043195366859436
2021-11-16,1.1366478204727173,0.704170823097229
2021-11-17,1.1321182250976562,0.6991999745368958
2021-11-18,1.1321182250976562,0.7003781795501709
2021-11-19,1.1368415355682373,0.7042104601860046
2021-11-22,1.1275737285614014,0.6991393566131592
2021-11-23,1.12421452999115,0.6949608325958252
2021-11-24,1.1244926452636719,0.6952894330024719
2021-11-25,1.1202975511550903,0.6875309348106384
2021-11-26,1.1209630966186523,0.6844392418861389
2021-11-29,1.1293182373046875,0.6826311349868774
2021-11-30,1.1293437480926514,0.6830694675445557
2021-12-01,1.1330289840698242,0.6824913620948792
2021-12-02,1.1319515705108643,0.6814100742340088
2021-12-03,1.1306205987930298,0.6812081933021545
2021-12-06,1.1304799318313599,0.6757396459579468
2021-12-07,1.128668189048767,0.6749687790870667
2021-12-08,1.1276500225067139,0.6786198616027832
2021-12-09,1.1345586776733398,0.6808279156684875
2021-12-10,1.1293309926986694,0.6795694231987
2021-12-13,1.131183385848999,0.6795879006385803
2021-12-14,1.1285407543182373,0.6752012372016907
2021-12-15,1.1261261701583862,0.673632025718689
2021-12-16,1.1290758848190308,0.6778098344802856
2021-12-17,1.1334141492843628,0.6796294450759888
2021-12-20,1.1243535280227661,0.6731604337692261
2021-12-21,1.1277517080307007,0.671312153339386
2021-12-22,1.128757357597351,0.6765991449356079
2021-12-23,1.1328877210617065,0.6805823445320129
2021-12-24,1.132733702659607,0.6822212934494019
2021-12-27,1.1324259042739868,0.6815192699432373
2021-12-28,1.1330032348632812,0.6817998886108398
2021-12-29,1.1314777135849,0.6805600523948669
2021-12-30,1.1360150575637817,0.6839711666107178
2021-12-31,1.132502794265747,0.6830414533615112
2022-01-03,1.1373459100723267,0.6840693950653076
2022-01-04,1.1302244663238525,0.6789695620536804
2022-01-05,1.1283625364303589,0.6813613176345825
2022-01-06,1.1313496828079224,0.6793201565742493
2022-01-07,1.1296881437301636,0.674040675163269
2022-01-10,1.1353960037231445,0.6775985956192017
2022-01-11,1.1330417394638062,0.6766495108604431
2022-01-12,1.1366478204727173,0.678380012512207
2022-01-13,1.144164800643921,0.6846923232078552
2022-01-14,1.1457115411758423,0.6861910820007324
2022-01-17,1.1410704851150513,0.6808279156684875
2022-01-18,1.1410574913024902,0.6797999143600464
2022-01-19,1.1329647302627563,0.6771718859672546
2022-01-20,1.1343399286270142,0.6780300140380859
2022-01-21,1.1313753128051758,0.6750781536102295
2022-01-24,1.1341469287872314,0.6722598671913147
2022-01-25,1.1324130296707153,0.6704614758491516
2022-01-26,1.130454421043396,0.6690887808799744
2022-01-27,1.1243535280227661,0.666058361530304
2022-01-28,1.1147029399871826,0.6584405303001404
2022-01-31,1.1152374744415283,0.6551920771598816
2022-02-01,1.12296462059021,0.657799482345581
2022-02-02,1.1273956298828125,0.6637285947799683
2022-02-03,1.1299946308135986,0.66118985414505
2022-02-04,1.14357590675354,0.666640043258667
2022-02-07,1.145514726638794,0.6619886159896851
2022-02-08,1.1442956924438477,0.663790225982666
2022-02-09,1.142126202583313,0.6649501919746399
2022-02-10,1.142152190208435,0.667931318283081
2022-02-11,1.1415525674819946,0.6667110919952393
2022-02-14,1.1365057229995728,0.6646682024002075
2022-02-15,1.1306334733963013,0.6618002653121948
2022-02-16,1.1356796026229858,0.6640812158584595
2022-02-17,1.1375269889831543,0.6681097745895386
2022-02-18,1.1366478204727173,0.6691021919250488
2022-02-21,1.131721019744873,0.6689589619636536
2022-02-22,1.1309658288955688,0.6695995330810547
2022-02-23,1.13291335105896,0.6741815805435181
2022-02-24,1.1305694580078125,0.6770801544189453
2022-02-25,1.11906898021698,0.6687889695167542
2022-02-28,1.118105411529541,0.6693216562271118
2022-03-01,1.1215918064117432,0.6769197583198547
2022-03-02,1.1132758855819702,0.6767502427101135
2022-03-03,1.1112345457077026,0.6783018112182617
2022-03-04,1.1066844463348389,0.680971622467041
2022-03-07,1.087453007698059,0.6874505877494812
2022-03-08,1.0865312814712524,0.683821439743042
2022-03-09,1.0898232460021973,0.6804294586181641
2022-03-10,1.107382893562317,0.6838401556015015
2022-03-11,1.1013944149017334,0.6874411702156067
2022-03-14,1.093206763267517,0.6812685132026672
2022-03-15,1.0943193435668945,0.674900472164154
2022-03-16,1.0969363451004028,0.6762194037437439
2022-03-17,1.1021955013275146,0.6830694675445557
2022-03-18,1.1099518537521362,0.6892321705818176
2022-03-21,1.1043134927749634,0.689869225025177
2022-03-22,1.101722002029419,0.6879708170890808
2022-03-23,1.1029735803604126,0.6964321732521057
2022-03-24,1.1006306409835815,0.6976322531700134
2022-03-25,1.1009578704833984,0.696548581123352
2022-03-28,1.098189115524292,0.6957489848136902
2022-03-29,1.0993843078613281,0.6907795071601868
2022-03-30,1.1091516017913818,0.6943190693855286
2022-03-31,1.1161835193634033,0.6970681548118591
2022-04-01,1.1072357892990112,0.6934000253677368
2022-04-04,1.1047282218933105,0.6907699704170227
2022-04-05,1.0975863933563232,0.6948497891426086
2022-04-06,1.090643286705017,0.6947677135467529
2022-04-07,1.0898232460021973,0.6911519169807434
2022-04-08,1.0864840745925903,0.6884918212890625
2022-04-11,1.0884946584701538,0.6835409998893738
2022-04-12,1.0877959728240967,0.6817794442176819
2022-04-13,1.0826143026351929,0.6856500506401062
2022-04-14,1.089656949043274,0.6800777912139893
2022-04-15,1.0820988416671753,0.6783432364463806
2022-04-18,1.081525444984436,0.6760411262512207
2022-04-19,1.0781787633895874,0.673632025718689
2022-04-20,1.0794472694396973,0.6746591329574585
2022-04-21,1.0849870443344116,0.6783478260040283
2022-04-22,1.0835175514221191,0.6724497079849243
2022-04-25,1.0811045169830322,0.6625105142593384
2022-04-26,1.0714209079742432,0.6618615388870239
2022-04-27,1.0643619298934937,0.6575616598129272
2022-04-28,1.0555092096328735,0.6542190313339233
2022-04-29,1.0504201650619507,0.6493085026741028
2022-05-02,1.0535964965820312,0.6456194519996643
2022-05-03,1.0509058237075806,0.6441307067871094
2022-05-04,1.0528532266616821,0.643430233001709
2022-05-05,1.0622477531433105,0.6551019549369812
2022-05-06,1.0539740324020386,0.6430289149284363
2022-05-09,1.053219199180603,0.6389204859733582
2022-05-10,1.056579828262329,0.6323590874671936
2022-05-11,1.0532968044281006,0.6289980411529541
2022-05-12,1.05124831199646,0.6284801959991455
2022-05-13,1.0379581451416016,0.6247188448905945
2022-05-16,1.0400632619857788,0.6288912296295166
2022-05-17,1.0438958406448364,0.6311417818069458
2022-05-18,1.0547856092453003,0.6359097957611084
2022-05-19,1.0472739934921265,0.6295603513717651
2022-05-20,1.057898759841919,0.6381499171257019
2022-05-23,1.0569819211959839,0.6421493887901306
2022-05-24,1.0682048797607422,0.6447494626045227
2022-05-25,1.0736525058746338,0.6448908448219299
2022-05-26,1.0686614513397217,0.6479789614677429
2022-05-27,1.0732953548431396,0.6482393741607666
2022-05-30,1.0731456279754639,0.6534098386764526
2022-05-31,1.0773539543151855,0.6558279991149902
2022-06-01,1.0734105110168457,0.6518607139587402
2022-06-02,1.0654165744781494,0.6480587720870972
2022-06-03,1.0751069784164429,0.6560388207435608
2022-06-06,1.0726046562194824,0.6509103178977966
2022-06-07,1.0691413879394531,0.6485589146614075
2022-06-08,1.0698620080947876,0.6480713486671448
2022-06-09,1.071765422821045,0.6443713903427124
2022-06-10,1.0619205236434937,0.6385695934295654
2022-06-13,1.0489987134933472,0.6337296366691589
2022-06-14,1.0415147542953491,0.6275415420532227
2022-06-15,1.0440592765808105,0.6226804852485657
2022-06-16,1.0456204414367676,0.6292592883110046
2022-06-17,1.0546854734420776,0.6360716223716736
2022-06-20,1.049141764640808,0.632559061050415
2022-06-21,1.0520778894424438,0.6337416768074036
2022-06-22,1.053263545036316,0.631780207157135
2022-06-23,1.0564124584197998,0.6271007657051086
2022-06-24,1.052011489868164,0.6286184787750244
2022-06-27,1.0566133260726929,0.6314287781715393
2022-06-28,1.0580891370773315,0.6294097900390625
2022-06-29,1.0523545742034912,0.6237096786499023
2022-06-30,1.04465913772583,0.6225099563598633
2022-07-01,1.0477677583694458,0.6240288615226746
2022-07-04,1.0433948040008545,0.6208789348602295
2022-07-05,1.0433186292648315,0.6215696930885315
2022-07-06,1.0257673263549805,0.6165912747383118
2022-07-07,1.0186411142349243,0.6155001521110535
2022-07-08,1.0169836282730103,0.6179094910621643
2022-07-11,1.0166114568710327,0.6186090111732483
2022-07-12,1.004752516746521,0.6122311353683472
2022-07-13,1.0033109188079834,0.612321138381958
2022-07-14,1.0032706260681152,0.6108586192131042
2022-07-15,1.0025665760040283,0.6130305528640747
2022-07-18,1.009631872177124,0.6189689040184021
2022-07-19,1.0145177841186523,0.6153202652931213
2022-07-20,1.0231330394744873,0.6233597993850708
2022-07-21,1.0182781219482422,0.6225215792655945
2022-07-22,1.0221081972122192,0.6243990063667297
2022-07-25,1.0200231075286865,0.6233908534049988
2022-07-26,1.022494912147522,0.625840961933136
2022-07-27,1.0129557847976685,0.624130129814148
2022-07-28,1.0209290981292725,0.6260290145874023
2022-07-29,1.0192328691482544,0.6295682787895203
2022-08-01,1.0208247900009155,0.6279119849205017
2022-08-02,1.0261356830596924,0.6331799030303955
2022-08-03,1.015568733215332,0.6221303939819336
2022-08-04,1.015764594078064,0.6267392039299011
2022-08-05,1.024779200553894,0.6297110319137573
2022-08-08,1.0170871019363403,0.6239704489707947
2022-08-09,1.0197629928588867,0.6289387345314026
2022-08-10,1.0208144187927246,0.6285789608955383
2022-08-11,1.0300782918930054,0.64063960313797
2022-08-12,1.0316723585128784,0.6434219479560852
2022-08-15,1.0256409645080566,0.6449490785598755
2022-08-16,1.0161981582641602,0.6362901926040649
2022-08-17,1.0170663595199585,0.6343407034873962
2022-08-18,1.0180189609527588,0.6276084780693054
2022-08-19,1.0089900493621826,0.6245003938674927
2022-08-22,1.0035223960876465,0.6176198124885559
2022-08-23,0.9939467906951904,0.6176690459251404
2022-08-24,0.9966909885406494,0.620728611946106
2022-08-25,0.9969095587730408,0.6181692481040955
2022-08-26,0.9971283078193665,0.6216701865196228
2022-08-29,0.993867814540863,0.6112992763519287
2022-08-30,1.0014019012451172,0.6160708069801331
2022-08-31,1.0025062561035156,0.6132185459136963
2022-09-01,1.003905177116394,0.6111199259757996
2022-09-02,0.995232880115509,0.6084908843040466
2022-09-05,0.9909427762031555,0.6086316108703613
2022-09-06,0.9952229857444763,0.6105490922927856
2022-09-07,0.9897951483726501,0.6033000349998474
2022-09-08,0.9995701909065247,0.6062516570091248
2022-09-09,1.0012015104293823,0.6070399284362793
2022-09-12,1.0071406364440918,0.611291766166687
2022-09-13,1.0129557847976685,0.6146697402000427
2022-09-14,0.9982032775878906,0.6005104780197144
2022-09-15,0.9984025359153748,0.6016883254051208
2022-09-16,0.9988313317298889,0.595770001411438
2022-09-19,1.002234935760498,0.5995599627494812
2022-09-20,1.0029587745666504,0.5966800451278687
2022-09-21,0.997078537940979,0.5901898741722107
2022-09-22,0.983071506023407,0.5829408168792725
2022-09-23,0.9841550588607788,0.5848295092582703
2022-09-26,0.968992292881012,0.5741912722587585
2022-09-27,0.9623712301254272,0.5665497779846191
2022-09-28,0.9596191644668579,0.5631391406059265
2022-09-29,0.9708172082901001,0.5718501210212708
2022-09-30,0.9829555749893188,0.5742308497428894
2022-10-03,0.9792688488960266,0.5618608593940735
2022-10-04,0.9832068681716919,0.5719612836837769
2022-10-05,0.998432457447052,0.5737300515174866
2022-10-06,0.9910998940467834,0.5776006579399109
2022-10-07,0.9789045453071594,0.566068708896637
2022-10-10,0.9735012650489807,0.56067955493927
2022-10-11,0.9710057377815247,0.5572396516799927
2022-10-12,0.9700167775154114,0.5584813952445984
2022-10-13,0.9707984328269958,0.561138927936554
2022-10-14,0.975134015083313,0.5639108419418335
2022-10-17,0.973937451839447,0.5576000809669495
2022-10-18,0.9846396446228027,0.5656684637069702
2022-10-19,0.9863878488540649,0.5694792866706848
2022-10-20,0.9766482710838318,0.566270649433136
2022-10-21,0.9778899550437927,0.5669191479682922
2022-10-24,0.9860085844993591,0.5763987898826599
2022-10-25,0.9886503219604492,0.5704994797706604
2022-10-26,0.9963731169700623,0.5743198990821838
2022-10-27,1.009193778038025,0.5839995741844177
2022-10-28,0.9967803955078125,0.5828015208244324
2022-10-31,0.9955002665519714,0.5801911354064941
2022-11-01,0.9886307716369629,0.5825197100639343
2022-11-02,0.9877909421920776,0.5847885012626648
2022-11-03,0.9814409017562866,0.5813412666320801
2022-11-04,0.9749630093574524,0.5769208669662476
2022-11-07,0.9928810596466064,0.5894210338592529
2022-11-08,1.0018634796142578,0.5940182209014893
2022-11-09,1.008084774017334,0.5963206887245178
2022-11-10,1.0019538402557373,0.5886300206184387
2022-11-11,1.0192224979400635,0.6017788648605347
2022-11-14,1.0328551530838013,0.610530436038971
2022-11-15,1.0319278240203857,0.6089985370635986
2022-11-16,1.0357863903045654,0.6165608167648315
2022-11-17,1.0395010709762573,0.6150288581848145
2022-11-18,1.036172866821289,0.6128915548324585
2022-11-21,1.0330898761749268,0.6167814135551453
2022-11-22,1.0245691537857056,0.6098490357398987
2022-11-23,1.0311086177825928,0.6156498193740845
2022-11-24,1.0416233539581299,0.6252813935279846
2022-11-25,1.040810227394104,0.6259702444076538
2022-11-28,1.0367528200149536,0.6216701865196228
2022-11-29,1.034554123878479,0.616401195526123
2022-11-30,1.0324499607086182,0.6196900010108948
2022-12-01,1.042535424232483,0.6314406991004944
2022-12-02,1.052842140197754,0.6369791626930237
2022-12-05,1.0544185638427734,0.6404590606689453
2022-12-06,1.0496923923492432,0.6322599649429321
2022-12-07,1.0469011068344116,0.6324390769004822
2022-12-08,1.051325798034668,0.6354088187217712
2022-12-09,1.0559661388397217,0.637860894203186
2022-12-12,1.0522217750549316,0.6393207907676697
2022-12-13,1.0541739463806152,0.638781726360321
2022-12-14,1.062665343284607,0.6453902721405029
2022-12-15,1.0676347017288208,0.6453902721405029
2022-12-16,1.064056158065796,0.6343004107475281
2022-12-19,1.05850350856781,0.6371496915817261
2022-12-20,1.0614584684371948,0.6361606121063232
2022-12-21,1.062699317932129,0.6344292163848877
2022-12-22,1.0610079765319824,0.6289505958557129
2022-12-23,1.060333013534546,0.6251992583274841
2022-12-26,1.0667804479599,0.6292901635169983
2022-12-27,1.064022183418274,0.6306999325752258
2022-12-28,1.0637166500091553,0.6273289918899536
2022-12-29,1.062925100326538,0.6318396925926208
2022-12-30,1.066075325012207,0.6345902681350708
2023-01-02,1.0709733963012695,0.6374799013137817
2023-01-03,1.0677714347839355,0.6326391100883484
2023-01-04,1.0546854734420776,0.6247110962867737
2023-01-05,1.0606365203857422,0.6285117864608765
2023-01-06,1.0522217750549316,0.6230801343917847
2023-01-09,1.0656323432922363,0.6359097957611084
2023-01-10,1.073318362236023,0.6369507908821106
2023-01-11,1.0738946199417114,0.6371902227401733
2023-01-12,1.0766000747680664,0.6367682814598083
2023-01-13,1.0860239267349243,0.638781726360321
2023-01-16,1.082461953163147,0.6385084390640259
2023-01-17,1.0830129384994507,0.6389898657798767
2023-01-18,1.0793308019638062,0.6432895064353943
2023-01-19,1.0797853469848633,0.6445499658584595
2023-01-20,1.083388328552246,0.6395497918128967
2023-01-23,1.086507797241211,0.648908257484436
2023-01-24,1.0874292850494385,0.6490219235420227
2023-01-25,1.088814616203308,0.6493295431137085
2023-01-26,1.0922038555145264,0.6484116911888123
2023-01-27,1.0894432067871094,0.6490893363952637
2023-01-30,1.0871455669403076,0.6492199301719666
2023-01-31,1.0850694179534912,0.6468890905380249
2023-02-01,1.0860947370529175,0.6438201069831848
2023-02-02,1.1012852191925049,0.6516398787498474
2023-02-03,1.0905125141143799,0.6477187275886536
2023-02-06,1.079086184501648,0.6327711939811707
2023-02-07,1.0730764865875244,0.6308802366256714
2023-02-08,1.0729728937149048,0.6321991682052612
2023-02-09,1.0715816020965576,0.6314606666564941
2023-02-10,1.0742292404174805,0.6327512264251709
2023-02-13,1.0677714347839355,0.6312298774719238
2023-02-14,1.0730419158935547,0.6361404061317444
2023-02-15,1.0735719203948975,0.6335489153862
2023-02-16,1.0691757202148438,0.6279789805412292
2023-02-17,1.0665756464004517,0.6245394349098206
2023-02-20,1.0684444904327393,0.6236202716827393
2023-02-21,1.068261981010437,0.6257705092430115
2023-02-22,1.065200924873352,0.6216199398040771
2023-02-23,1.0605803728103638,0.6224014759063721
2023-02-24,1.0598047971725464,0.6230801343917847
2023-02-27,1.0554758310317993,0.6165608167648315
2023-02-28,1.0611205101013184,0.6164202094078064
2023-03-01,1.0577309131622314,0.6186893582344055
2023-03-02,1.066894292831421,0.6256999969482422
2023-03-03,1.0599732398986816,0.6221303939819336
2023-03-06,1.0626201629638672,0.6209598779678345
2023-03-07,1.0688328742980957,0.6198398470878601
2023-03-08,1.05507493019104,0.6111199259757996
2023-03-09,1.0549525022506714,0.6114711761474609
2023-03-10,1.0584698915481567,0.6101207137107849
2023-03-13,1.0683646202087402,0.6160799264907837
2023-03-14,1.0725010633468628,0.6216315627098083
2023-03-15,1.0727657079696655,0.6230685114860535
2023-03-16,1.0583354234695435,0.6164582371711731
2023-03-17,1.0614134073257446,0.6203396916389465
2023-03-20,1.0678855180740356,0.6273211240768433
2023-03-21,1.071914792060852,0.6242586970329285
2023-03-22,1.0774236917495728,0.6192985773086548
2023-03-23,1.0870392322540283,0.6232509613037109
2023-03-24,1.0835057497024536,0.6246915459632874
2023-03-27,1.077818512916565,0.6211102604866028
2023-03-28,1.0807071924209595,0.620351254940033
2023-03-29,1.0839520692825317,0.6253712773323059
2023-03-30,1.0843634605407715,0.6221303939819336
2023-03-31,1.0904649496078491,0.6269789338111877
2023-04-03,1.0803335905075073,0.6224905848503113
2023-04-04,1.091226577758789,0.6302706599235535
2023-04-05,1.0960105657577515,0.6315284371376038
2023-04-06,1.090334177017212,0.6318516731262207
2023-04-07,1.0920130014419556,0.6245706081390381
2023-04-10,1.0913575887680054,0.6255004405975342
2023-04-11,1.086932897567749,0.6227386593818665
2023-04-12,1.0917507410049438,0.6195096373558044
2023-04-13,1.0999890565872192,0.6218286752700806
2023-04-14,1.1054610013961792,0.6303500533103943
2023-04-17,1.098659634590149,0.6201512217521667
2023-04-18,1.0925379991531372,0.618268609046936
2023-04-19,1.0975382328033447,0.6215118169784546
2023-04-20,1.095218300819397,0.6161999106407166
2023-04-21,1.0970927476882935,0.6179285645484924
2023-04-24,1.0992271900177002,0.614341139793396
2023-04-25,1.1059499979019165,0.6175889372825623
2023-04-26,1.0978394746780396,0.6147415041923523
2023-04-27,1.1047282218933105,0.6120887398719788
2023-04-28,1.1032048463821411,0.6146394610404968
2023-05-01,1.1010911464691162,0.6172115802764893
2023-05-02,1.0969241857528687,0.6164810061454773
2023-05-03,1.1010911464691162,0.6226611733436584
2023-05-04,1.1068925857543945,0.6208904981613159
2023-05-05,1.102292776107788,0.6290218234062195
2023-05-08,1.10186767578125,0.6299212574958801
2023-05-09,1.0996140241622925,0.6338581442832947
2023-05-10,1.096467137336731,0.6338782906532288
2023-05-11,1.098406195640564,0.6371212005615234
2023-05-12,1.0912145376205444,0.6294216513633728
2023-05-15,1.0852696895599365,0.6195594668388367
2023-05-16,1.0873701572418213,0.6243288516998291
2023-05-17,1.0865668058395386,0.6237408518791199
2023-05-18,1.0838346481323242,0.624609649181366
2023-05-19,1.0775396823883057,0.6235813498497009
2023-05-22,1.0822745561599731,0.6284209489822388
2023-05-23,1.0811045169830322,0.6286303400993347
2023-05-24,1.076971173286438,0.6250195503234863
2023-05-25,1.0757315158843994,0.610608696937561
2023-05-26,1.0724436044692993,0.6053400635719299
2023-05-29,1.0723055601119995,0.6057815551757812
2023-05-30,1.0707669258117676,0.6044487357139587
2023-05-31,1.073306918144226,0.6046789884567261
2023-06-01,1.0695186853408813,0.6025112867355347
2023-06-02,1.0760787725448608,0.6065789461135864
2023-06-05,1.0698620080947876,0.6058182716369629
2023-06-06,1.0711798667907715,0.6070613265037537
2023-06-07,1.0698047876358032,0.6078399419784546
2023-06-08,1.0707440376281738,0.6042296290397644
2023-06-09,1.078271746635437,0.609440267086029
2023-06-12,1.0750954151153564,0.6130606532096863
2023-06-13,1.0762988328933716,0.6129103302955627
2023-06-14,1.078934907913208,0.6159418225288391
2023-06-15,1.084304690361023,0.6196900010108948
2023-06-16,1.0945948362350464,0.623538613319397
2023-06-19,1.0942115783691406,0.6232001185417175
2023-06-20,1.0924304723739624,0.6202396750450134
2023-06-21,1.0920368432998657,0.6166787147521973
2023-06-22,1.0992635488510132,0.6207093596458435
2023-06-23,1.0958904027938843,0.6182800531387329
2023-06-26,1.0906671285629272,0.614870011806488
2023-06-27,1.091048002243042,0.6163100004196167
2023-06-28,1.0957223176956177,0.6157407760620117
2023-06-29,1.0915838479995728,0.6074300408363342
2023-06-30,1.0868029594421387,0.606678307056427
2023-07-03,1.0907504558563232,0.6132185459136963
2023-07-04,1.091309905052185,0.6156005859375
2023-07-05,1.0884946584701538,0.619809091091156
2023-07-06,1.0856584310531616,0.6176995635032654
2023-07-07,1.0890636444091797,0.616351842880249
2023-07-10,1.0969723463058472,0.6205899715423584
2023-07-11,1.100594401359558,0.6206515431404114
2023-07-12,1.101406455039978,0.6199589371681213
2023-07-13,1.1144545078277588,0.6305209994316101
2023-07-14,1.1223469972610474,0.6391900181770325
2023-07-17,1.1227755546569824,0.6365818381309509
2023-07-18,1.1237596273422241,0.6321192383766174
2023-07-19,1.1228890419006348,0.6296991109848022
2023-07-20,1.120523452758789,0.6262878179550171
2023-07-21,1.113709807395935,0.6230296492576599
2023-07-24,1.112532615661621,0.6169000864028931
2023-07-25,1.1063170433044434,0.6200205087661743
2023-07-26,1.1050456762313843,0.6216585636138916
2023-07-27,1.1078368425369263,0.6212299466133118
2023-07-28,1.0978755950927734,0.6187467575073242
2023-07-31,1.1024264097213745,0.6160100698471069
2023-08-01,1.0997591018676758,0.6204898357391357
2023-08-02,1.1007881164550781,0.614148736000061
2023-08-03,1.0944151878356934,0.6086301207542419
2023-08-04,1.095158338546753,0.6082391738891602
2023-08-07,1.1002674102783203,0.6100090146064758
2023-08-08,1.100315809249878,0.6106571555137634
2023-08-09,1.0958904027938843,0.6056678295135498
2023-08-10,1.0977671146392822,0.606207549571991
2023-08-11,1.0981649160385132,0.6013337969779968
2023-08-14,1.094439148902893,0.5984584093093872
2023-08-15,1.0909883975982666,0.5974786281585693
2023-08-16,1.0904173851013184,0.5957380533218384
2023-08-17,1.0874884128570557,0.5931304097175598
2023-08-18,1.0874648094177246,0.5925890803337097
2023-08-21,1.087559461593628,0.5926803946495056
2023-08-22,1.0898351669311523,0.5929685831069946
2023-08-23,1.0846692323684692,0.5940676331520081
2023-08-24,1.086578607559204,0.5974286794662476
2023-08-25,1.07991361618042,0.591957688331604
2023-08-28,1.0797386169433594,0.5910863876342773
2023-08-29,1.0825556516647339,0.5907477140426636
2023-08-30,1.0869210958480835,0.5967476963996887
2023-08-31,1.0932546854019165,0.5952983498573303
2023-09-01,1.0844104290008545,0.5976964831352234
2023-09-04,1.07758629322052,0.5942582488059998
2023-09-05,1.0794472694396973,0.5937396287918091
2023-09-06,1.0726161003112793,0.58841872215271
2023-09-07,1.0724204778671265,0.5870990753173828
2023-09-08,1.0697818994522095,0.588200032711029
2023-09-11,1.071811318397522,0.5901411175727844
2023-09-12,1.0750375986099243,0.5916810035705566
2023-09-13,1.075326681137085,0.5909885764122009
2023-09-14,1.0734220743179321,0.5920312404632568
2023-09-15,1.0637166500091553,0.5906001329421997
2023-09-18,1.0668259859085083,0.5905383825302124
2023-09-19,1.0692671537399292,0.5921399593353271
2023-09-20,1.0682048797607422,0.5951495170593262
2023-09-21,1.065303087234497,0.5925294160842896
2023-09-22,1.0661548376083374,0.5931796431541443
2023-09-25,1.0648492574691772,0.595710039138794
2023-09-26,1.0591648817062378,0.5967299342155457
2023-09-27,1.0569483041763306,0.5947707891464233
2023-09-28,1.0505305528640747,0.591621458530426
2023-09-29,1.0562450885772705,0.5964398384094238
2023-10-02,1.0565240383148193,0.5995886921882629
2023-10-03,1.0480751991271973,0.5941911935806274
2023-10-04,1.0472300052642822,0.5913485288619995
2023-10-05,1.0507071018218994,0.5918700695037842
2023-10-06,1.0546631813049316,0.596640944480896
2023-10-09,1.056747317314148,0.5972787737846375
2023-10-10,1.0578875541687012,0.6031108498573303
2023-10-11,1.0604791641235352,0.6041894555091858
2023-10-12,1.0624282360076904,0.6019490957260132
2023-10-13,1.0536741018295288,0.5921609997749329
2023-10-16,1.0521553754806519,0.5906604528427124
2023-10-17,1.0554312467575073,0.5901515483856201
2023-10-18,1.057305932044983,0.5894801616668701
2023-10-19,1.053851842880249,0.5853909850120544
2023-10-20,1.0586491823196411,0.5842998623847961
2023-10-23,1.0589966773986816,0.5829306244850159
2023-10-24,1.0669853687286377,0.5851101279258728
2023-10-25,1.059535264968872,0.5846996307373047
2023-10-26,1.056725025177002,0.5792199373245239
2023-10-27,1.0564459562301636,0.5828898549079895
2023-10-30,1.0562450885772705,0.5808415412902832
2023-10-31,1.061503529548645,0.584030270576477
2023-11-01,1.0579099655151367,0.5807403326034546
2023-11-02,1.05870521068573,0.5879793763160706
2023-11-03,1.0619093179702759,0.5895808935165405
2023-11-06,1.0732147693634033,0.5996102690696716
2023-11-07,1.0721560716629028,0.5963000655174255
2023-11-08,1.0696102380752563,0.5936000347137451
2023-11-09,1.0710422992706299,0.5912017226219177
2023-11-10,1.0667576789855957,0.5889298915863037
2023-11-13,1.069015622138977,0.5894210338592529
2023-11-14,1.0701825618743896,0.5882906913757324
2023-11-15,1.0878314971923828,0.6004491448402405
2023-11-16,1.0854581594467163,0.6028890609741211
2023-11-17,1.0853756666183472,0.596530556678772
2023-11-20,1.090702772140503,0.599621057510376
2023-11-21,1.0945948362350464,0.6039800047874451
2023-11-22,1.0918222665786743,0.6054185032844543
2023-11-23,1.0890873670578003,0.6021299958229065
2023-11-24,1.0906314849853516,0.604880154132843
2023-11-27,1.0940439701080322,0.6077501177787781
2023-11-28,1.0958423614501953,0.6103999614715576
2023-11-29,1.100594401359558,0.614601731300354
2023-11-30,1.0973695516586304,0.6155892014503479
2023-12-01,1.0892059803009033,0.6157673001289368
2023-12-04,1.088814616203308,0.6215388178825378
2023-12-05,1.0837758779525757,0.6165000200271606
2023-12-06,1.0793657302856445,0.613399088382721
2023-12-07,1.076669692993164,0.6140506863594055
2023-12-08,1.079214334487915,0.616158127784729
2023-12-11,1.0765769481658936,0.6124711632728577
2023-12-12,1.076658010482788,0.612291157245636
2023-12-13,1.0798670053482056,0.6137492060661316
2023-12-14,1.0886130332946777,0.6190800070762634
2023-12-15,1.0993602275848389,0.6213298439979553
2023-12-18,1.0895264148712158,0.6209907531738281
2023-12-19,1.092382788658142,0.6213804483413696
2023-12-20,1.0981045961380005,0.6270418167114258
2023-12-21,1.0945708751678467,0.6253986954689026
2023-12-22,1.100618600845337,0.6294692158699036
2023-12-25,1.102657437324524,0.6319299340248108
2023-12-26,1.1020255088806152,0.6306001543998718
2023-12-27,1.1043012142181396,0.6328513026237488
2023-12-28,1.110864281654358,0.6349488496780396
2023-12-29,1.1068191528320312,0.6334887742996216
2024-01-01,1.1055831909179688,0.6319698691368103
2024-01-02,1.1038745641708374,0.6315284371376038
2024-01-03,1.0941756963729858,0.625
2024-01-04,1.0927767753601074,0.6251289248466492
2024-01-05,1.0947387218475342,0.6231298446655273
2024-01-08,1.0942236185073853,0.6248789429664612
2024-01-09,1.095170259475708,0.6251797676086426
2024-01-10,1.0932426452636719,0.6238303184509277
2024-01-11,1.0975141525268555,0.6229597926139832
2024-01-12,1.0981649160385132,0.6242314577102661
2024-01-15,1.0945708751678467,0.6232999563217163
2024-01-16,1.0945708751678467,0.6190685629844666
2024-01-17,1.087878942489624,0.6140884160995483
2024-01-18,1.0885775089263916,0.611340343952179
2024-01-19,1.0879143476486206,0.6120250821113586
2024-01-22,1.089229702949524,0.6118303537368774
2024-01-23,1.088020920753479,0.607389509677887
2024-01-24,1.0857881307601929,0.610340416431427
2024-01-25,1.088174819946289,0.6108586192131042
2024-01-26,1.0847046375274658,0.6108884811401367
2024-01-29,1.0843517780303955,0.609289824962616
2024-01-30,1.0834470987319946,0.613481879234314
2024-01-31,1.08433997631073,0.613180935382843
2024-02-01,1.0803920030593872,0.611190915107727
2024-02-02,1.0874648094177246,0.6145714521408081
2024-02-05,1.0780043601989746,0.6064502000808716
2024-02-06,1.0741831064224243,0.6053085327148438
2024-02-07,1.075719952583313,0.6099792718887329
2024-02-08,1.077574610710144,0.6109594106674194
2024-02-09,1.0777255296707153,0.6107914447784424
2024-02-12,1.0798202753067017,0.6147717237472534
2024-02-13,1.0772264003753662,0.6127901673316956
2024-02-14,1.0708931684494019,0.6057815551757812
2024-02-15,1.0732147693634033,0.609061598777771
2024-02-16,1.0773887634277344,0.6111199259757996
2024-02-19,1.0784927606582642,0.6136400103569031
2024-02-20,1.0775396823883057,0.6142581701278687
2024-02-21,1.0813149213790894,0.616819441318512
2024-02-22,1.0820403099060059,0.6180316805839539
2024-02-23,1.0825674533843994,0.6195287704467773
2024-02-26,1.0820051431655884,0.6186893582344055
2024-02-27,1.0850930213928223,0.6167091131210327
2024-02-28,1.084481120109558,0.6170287728309631
2024-02-29,1.0838816165924072,0.6097100377082825
2024-03-01,1.0804970264434814,0.6085797548294067
2024-03-04,1.084269404411316,0.6103813648223877
2024-03-05,1.0855170488357544,0.6096594333648682
2024-03-06,1.0855995416641235,0.6087798476219177
2024-03-07,1.089953899383545,0.6127901673316956
2024-03-08,1.0950144529342651,0.6178789138793945
2024-03-11,1.0942955017089844,0.6179400086402893
2024-03-12,1.093135118484497,0.6170782446861267
2024-03-13,1.0927767753601074,0.614960789680481
2024-03-14,1.0955302715301514,0.6165000200271606
2024-03-15,1.0883406400680542,0.6124786734580994
2024-03-18,1.0882576704025269,0.608698308467865
2024-03-19,1.087393879890442,0.6082687973976135
2024-03-20,1.0863306522369385,0.6048984527587891
2024-03-21,1.0937210321426392,0.6089614629745483
2024-03-22,1.0862362384796143,0.6046388149261475
2024-03-25,1.0807539224624634,0.5990211963653564
2024-03-26,1.0838228464126587,0.6001608371734619
2024-03-27,1.0832358598709106,0.6007593870162964
2024-03-28,1.0813382863998413,0.5992509126663208
2024-03-29,1.0794472694396973,0.5974700450897217
2024-04-01,1.0792726278305054,0.5986589789390564
2024-04-02,1.0737217664718628,0.5952416062355042
2024-04-03,1.076855182647705,0.5969401001930237
2024-04-04,1.0838346481323242,0.6014711856842041
2024-04-05,1.0837054252624512,0.6027800440788269
2024-04-08,1.0830481052398682,0.6004491448402405
2024-04-09,1.0863661766052246,0.6034383773803711
2024-04-10,1.0859296321868896,0.6067924499511719
2024-04-11,1.074171543121338,0.5974607467651367
2024-04-12,1.0726851224899292,0.600121259689331
2024-04-15,1.0649627447128296,0.594558596611023
2024-04-16,1.0625749826431274,0.5902804136276245
2024-04-17,1.0621461868286133,0.5892091989517212
2024-04-18,1.0669398307800293,0.5912995934486389
2024-04-19,1.0644185543060303,0.5903501510620117
2024-04-22,1.065825343132019,0.5900297164916992
2024-04-23,1.065405249595642,0.5921199917793274
2024-04-24,1.0704345703125,0.5936902165412903
2024-04-25,1.0699878931045532,0.593591570854187
2024-04-26,1.072961449623108,0.5958410501480103
2024-04-29,1.0706866979599,0.5947707891464233
2024-04-30,1.0715701580047607,0.5971611142158508
2024-05-01,1.0666552782058716,0.5879517197608948
2024-05-02,1.0721560716629028,0.5930107831954956
2024-05-03,1.073306918144226,0.5963882803916931
2024-05-06,1.0758124589920044,0.6007593870162964
2024-05-07,1.0767507553100586,0.6009507179260254
2024-05-08,1.0750491619110107,0.5997199416160583
2024-05-09,1.0746910572052002,0.6004202961921692
2024-05-10,1.078515887260437,0.6036205291748047
2024-05-13,1.077040672302246,0.6018512845039368
2024-05-14,1.079354166984558,0.6023406982421875
2024-05-15,1.0814552307128906,0.6043282151222229
2024-05-16,1.0889805555343628,0.6130606532096863
2024-05-17,1.0867793560028076,0.6124201416969299
2024-05-20,1.0875475406646729,0.6136701107025146
2024-05-21,1.086082935333252,0.6108101606369019
2024-05-22,1.0855170488357544,0.6093807816505432
2024-05-23,1.0825204849243164,0.6100090146064758
2024-05-24,1.0812681913375854,0.609730064868927
2024-05-27,1.0847634077072144,0.6121711730957031
2024-05-28,1.0861891508102417,0.6152294278144836
2024-05-29,1.0851871967315674,0.6140695810317993
2024-05-30,1.0801819562911987,0.6113590598106384
2024-05-31,1.0835410356521606,0.6116507053375244
2024-06-03,1.0853049755096436,0.6148586869239807
2024-06-04,1.0907385349273682,0.6193599700927734
2024-06-05,1.0881866216659546,0.6174706816673279
2024-06-06,1.087453007698059,0.6196286082267761
2024-06-07,1.0894432067871094,0.6197015643119812
2024-06-10,1.0778882503509521,0.6106199026107788
2024-06-11,1.0764262676239014,0.6128314733505249
2024-06-12,1.0740330219268799,0.614601731300354
2024-06-13,1.0813149213790894,0.6186816692352295
2024-06-14,1.0738831758499146,0.6161011457443237
2024-06-17,1.0702168941497803,0.6137416958808899
2024-06-18,1.0740677118301392,0.613800048828125
2024-06-19,1.0742292404174805,0.614058256149292
2024-06-20,1.0751532316207886,0.6139414310455322
2024-06-21,1.0706409215927124,0.6122798919677734
2024-06-24,1.0687757730484009,0.6111199259757996
2024-06-25,1.0732723474502563,0.6120513081550598
2024-06-26,1.0709619522094727,0.6119089722633362
2024-06-27,1.068010926246643,0.6080284118652344
2024-06-28,1.0708472728729248,0.6084686517715454
2024-07-01,1.0735257863998413,0.6099197268486023
2024-07-02,1.0737102031707764,0.6064796447753906
2024-07-03,1.0748412609100342,0.6082206964492798
2024-07-04,1.0793308019638062,0.6107205748558044
2024-07-05,1.0810693502426147,0.611340343952179
2024-07-08,1.082602620124817,0.6141110062599182
2024-07-09,1.0830950736999512,0.6131207942962646
2024-07-10,1.0814785957336426,0.6127113103866577
2024-07-11,1.083329677581787,0.6087983250617981
2024-07-12,1.0872756242752075,0.6094588041305542
2024-07-15,1.0885539054870605,0.6095516681671143
2024-07-16,1.0901559591293335,0.6076810956001282
2024-07-17,1.0902509689331055,0.6069099307060242
2024-07-18,1.094020128250122,0.608061671257019
2024-07-19,1.0901559591293335,0.6043793559074402
2024-07-22,1.0899182558059692,0.6024205088615417
2024-07-23,1.0889805555343628,0.5978501439094543
2024-07-24,1.0850694179534912,0.595291256904602
2024-07-25,1.0839520692825317,0.5927295684814453
2024-07-26,1.0851283073425293,0.5889801979064941
2024-07-29,1.0853756666183472,0.5889000296592712
2024-07-30,1.081946611404419,0.5877305269241333
2024-07-31,1.0816072225570679,0.5902003049850464
2024-08-01,1.082391619682312,0.595181405544281
2024-08-02,1.0787602663040161,0.5936197638511658
2024-08-05,1.0910836458206177,0.594700038433075
2024-08-06,1.0950982570648193,0.5950503945350647
2024-08-07,1.0926215648651123,0.5974107980728149
2024-08-08,1.0928125381469727,0.5986088514328003
2024-08-09,1.0915720462799072,0.6007015705108643
2024-08-12,1.091381311416626,0.5994916558265686
2024-08-13,1.0936251878738403,0.6023406982421875
2024-08-14,1.0996986627578735,0.6079211831092834
2024-08-15,1.1013215780258179,0.6000707745552063
2024-08-16,1.0972732305526733,0.5980896949768066
2024-08-19,1.1024993658065796,0.6057485342025757
2024-08-20,1.1086474657058716,0.6117704510688782
2024-08-21,1.112792730331421,0.6157407760620117
2024-08-22,1.115536093711853,0.6162492632865906
2024-08-23,1.111716389656067,0.6143600344657898
2024-08-26,1.1187934875488281,0.6224092245101929
2024-08-27,1.1164700984954834,0.6205514073371887
2024-08-28,1.117793083190918,0.6244106888771057
2024-08-29,1.1124955415725708,0.6247500777244568
2024-08-30,1.1080454587936401,0.6263309121131897
2024-09-02,1.1044842004776,0.625
2024-09-03,1.1067456007003784,0.6230490803718567
2024-09-04,1.1048868894577026,0.618739128112793
2024-09-05,1.1080454587936401,0.6186702251434326
2024-09-06,1.1111111640930176,0.6224402189254761
2024-09-09,1.1087212562561035,0.6171315908432007
2024-09-10,1.1037527322769165,0.6142317652702332
2024-09-11,1.1020983457565308,0.6150099039077759
2024-09-12,1.1010911464691162,0.6132185459136963
2024-09-13,1.1077877283096313,0.6187008619308472
2024-09-16,1.1088441610336304,0.6164087653160095
2024-09-17,1.1129536628723145,0.6196094155311584
2024-09-18,1.1123099327087402,0.619398295879364
2024-09-19,1.1114816665649414,0.6208904981613159
2024-09-20,1.1161960363388062,0.6237019300460815
2024-09-23,1.1160838603973389,0.6236202716827393
2024-09-24,1.1111727952957153,0.6267195343971252
2024-09-25,1.1191190481185913,0.6352190971374512
2024-09-26,1.1131023168563843,0.6257195472717285
2024-09-27,1.117717981338501,0.6331197619438171
2024-09-30,1.1169815063476562,0.634981095790863
2024-10-01,1.113660216331482,0.6345298290252686
2024-10-02,1.1063904762268066,0.6282985806465149
2024-10-03,1.1048502922058105,0.6261191964149475
2024-10-04,1.103557825088501,0.6217281222343445
2024-10-07,1.0974539518356323,0.6160784363746643
2024-10-08,1.0975743532180786,0.6128502488136292
2024-10-09,1.0975743532180786,0.6131395697593689
2024-10-10,1.0943313837051392,0.6070908308029175
2024-10-11,1.0933860540390015,0.6096000075340271
2024-10-14,1.0925379991531372,0.6091692447662354
2024-10-15,1.0909169912338257,0.6089614629745483
2024-10-16,1.0884116888046265,0.6056311726570129
2024-10-17,1.0862481594085693,0.6058696508407593
2024-10-18,1.0829542875289917,0.6060715913772583
2024-10-21,1.0868619680404663,0.6076700091362
2024-10-22,1.0817828178405762,0.6023297905921936
2024-10-23,1.079727053642273,0.604580283164978
2024-10-24,1.0780508518218994,0.6006186604499817
2024-10-25,1.0824151039123535,0.6008387804031372
2024-10-28,1.0796570777893066,0.5979001522064209
2024-10-29,1.0816774368286133,0.5986300110816956
2024-10-30,1.0820636749267578,0.5971183180809021
2024-10-31,1.0859178304672241,0.5971112251281738
2024-11-01,1.0886130332946777,0.5971503853797913
2024-11-04,1.087453007698059,0.5987414717674255
2024-11-05,1.0874056816101074,0.5973715782165527
2024-11-06,1.093445897102356,0.60165935754776
2024-11-07,1.073306918144226,0.5938806533813477
2024-11-08,1.0795172452926636,0.6022282242774963
2024-11-11,1.0714898109436035,0.5966302156448364
2024-11-12,1.066439151763916,0.596911609172821
2024-11-13,1.061672568321228,0.5923293828964233
2024-11-14,1.0564124584197998,0.5882906913757324
2024-11-15,1.0530084371566772,0.5849800705909729
2024-11-18,1.0533745288848877,0.5863211154937744
2024-11-19,1.059490442276001,0.5890703797340393
2024-11-20,1.0607603788375854,0.5919612050056458
2024-11-21,1.0546187162399292,0.5884000062942505
2024-11-22,1.0469341278076172,0.5857407450675964
2024-11-25,1.0479873418807983,0.5862111449241638
2024-11-26,1.0444300174713135,0.5811284184455872
2024-11-27,1.0491198301315308,0.5837098360061646
2024-11-28,1.0562450885772705,0.5893411636352539
2024-11-29,1.0563008785247803,0.5896400213241577
2024-12-02,1.0545074939727783,0.5906500220298767
2024-12-03,1.0501223802566528,0.5884602665901184
2024-12-04,1.0510826110839844,0.5882110595703125
2024-12-05,1.051414132118225,0.5857201814651489
2024-12-06,1.058559536933899,0.5882214307785034
2024-12-09,1.0565463304519653,0.5838802456855774
2024-12-10,1.0555204153060913,0.5858985781669617
2024-12-11,1.0532968044281006,0.58022141456604
2024-12-12,1.0506850481033325,0.5794212818145752
2024-12-13,1.0474056005477905,0.5770307183265686
2024-12-16,1.051005244255066,0.5770706534385681
2024-12-17,1.0517348051071167,0.5791997909545898
2024-12-18,1.0495051145553589,0.5758113265037537
2024-12-19,1.0350252389907837,0.5617314577102661
2024-12-20,1.0364949703216553,0.562749981880188
2024-12-23,1.0433076620101929,0.5651601552963257
2024-12-24,1.0405826568603516,0.5646591186523438
2024-12-25,1.0402579307556152,0.5648000836372375
2024-12-26,1.0399551391601562,0.5650898814201355
2024-12-27,1.0423181056976318,0.5625594258308411
2024-12-30,1.0429377555847168,0.5639394521713257
2024-12-31,1.040615200996399,0.5639712810516357
