Date,EURUSD_Close,GBPUSD_Close
2020-01-01,1.1220825910568235,1.326259970664978
2020-01-02,1.1220825910568235,1.3250298500061035
2020-01-03,1.1171437501907349,1.3152703046798706
2020-01-06,1.1161960363388062,1.308010220527649
2020-01-07,1.1197994947433472,1.317002534866333
2020-01-08,1.1154738664627075,1.31137216091156
2020-01-09,1.1113210916519165,1.3105130195617676
2020-01-10,1.1111111640930176,1.3070186376571655
2020-01-13,1.111666917800903,1.3045634031295776
2020-01-14,1.1135733127593994,1.2988194227218628
2020-01-15,1.113089919090271,1.3022528886795044
2020-01-16,1.1154004335403442,1.304121017456055
2020-01-17,1.1139578819274902,1.3078734874725342
2020-01-20,1.1094592809677124,1.3007283210754397
2020-01-21,1.109693169593811,1.3005592823028564
2020-01-22,1.108561396598816,1.3048017024993896
2020-01-23,1.1096439361572266,1.3144749402999878
2020-01-24,1.1055220365524292,1.311991572380066
2020-01-27,1.102535843849182,1.3061821460723877
2020-01-28,1.101976990699768,1.3060115575790403
2020-01-29,1.1022562980651855,1.3024563789367676
2020-01-30,1.1016855239868164,1.3022021055221558
2020-01-31,1.1029127836227417,1.3089004755020142
2020-02-03,1.1089794635772705,1.31816565990448
2020-02-04,1.1062926054000854,1.2997479438781738
2020-02-05,1.1047282218933103,1.3032711744308472
2020-02-06,1.100231051445007,1.2997140884399414
2020-02-07,1.0982975959777832,1.2930254936218262
2020-02-10,1.0949305295944214,1.2891582250595093
2020-02-11,1.0913456678390503,1.2918227910995483
2020-02-12,1.091941475868225,1.2956557273864746
2020-02-13,1.0875948667526243,1.295756459236145
2020-02-14,1.0845986604690552,1.3046824932098389
2020-02-17,1.0841753482818604,1.3052955865859983
2020-02-18,1.0840108394622805,1.3008975982666016
2020-02-19,1.079540491104126,1.300220966339111
2020-02-20,1.081009864807129,1.2928247451782229
2020-02-21,1.078799843788147,1.2883278131484983
2020-02-24,1.0839051008224487,1.29537034034729
2020-02-25,1.0849199295043943,1.292657732963562
2020-02-26,1.0881996154785156,1.3003394603729248
2020-02-27,1.088589429855347,1.2906889915466309
2020-02-28,1.0997228622436523,1.2888922691345217
2020-03-02,1.1051311492919922,1.2807048559188845
2020-03-03,1.114404797554016,1.2767152786254885
2020-03-04,1.118067979812622,1.2820841073989868
2020-03-05,1.113908290863037,1.2874983549118042
2020-03-06,1.1223849058151243,1.295068383216858
2020-03-09,1.1386020183563232,1.3099292516708374
2020-03-10,1.139796018600464,1.3075313568115234
2020-03-11,1.1316505670547483,1.2909722328186035
2020-03-12,1.1261515617370603,1.2818212509155271
2020-03-13,1.1184931993484497,1.257023572921753
2020-03-16,1.115536093711853,1.239987015724182
2020-03-17,1.1163206100463867,1.2266627550125122
2020-03-18,1.101552128791809,1.2121652364730835
2020-03-19,1.0961546897888184,1.1625338792800903
2020-03-20,1.0657345056533811,1.149438500404358
2020-03-23,1.0694386959075928,1.162304162979126
2020-03-24,1.0764610767364502,1.1595547199249268
2020-03-25,1.080263614654541,1.1792036294937134
2020-03-26,1.0889569520950315,1.1851149797439575
2020-03-27,1.1048258543014526,1.2200626134872437
2020-03-30,1.113908290863037,1.245319128036499
2020-03-31,1.1030466556549072,1.2371643781661987
2020-04-01,1.102657437324524,1.2408487796783447
2020-04-02,1.0953621864318848,1.238236665725708
2020-04-03,1.0847399234771729,1.2394952774047852
2020-04-06,1.0806955099105835,1.2220158576965332
2020-04-07,1.0803803205490112,1.2240501642227173
2020-04-08,1.0895144939422607,1.2338672876358032
2020-04-09,1.0863661766052246,1.23931086063385
2020-04-10,1.0927408933639526,1.2454850673675537
2020-04-13,1.0932666063308716,1.2461059093475342
2020-04-14,1.0922993421554563,1.2523951530456543
2020-04-15,1.098538875579834,1.26262629032135
2020-04-16,1.0905101299285889,1.252097249031067
2020-04-17,1.0858471393585205,1.2487823963165283
2020-04-20,1.0866966247558594,1.248751163482666
2020-04-21,1.0864840745925903,1.2442762851715088
2020-04-22,1.0856467485427856,1.22986102104187
2020-04-23,1.080964207649231,1.232392191886902
2020-04-24,1.077702283859253,1.235223650932312
2020-04-27,1.08236825466156,1.2366595268249512
2020-04-28,1.0824854373931885,1.2422668933868408
2020-04-29,1.0836584568023682,1.2435646057128906
2020-04-30,1.087725043296814,1.2471472024917605
2020-05-01,1.094546914100647,1.2581465244293213
2020-05-04,1.0959625244140625,1.2454230785369873
2020-05-05,1.0904293060302734,1.244555115699768
2020-05-06,1.0838581323623655,1.244420289993286
2020-05-07,1.0798553228378296,1.232559323310852
2020-05-08,1.0837171077728271,1.237593173980713
2020-05-11,1.0839520692825315,1.2417423725128174
2020-05-12,1.080940842628479,1.2333498001098633
2020-05-13,1.0846810340881348,1.2254902124404907
2020-05-14,1.08236825466156,1.224155068397522
2020-05-15,1.0806955099105835,1.22339129447937
2020-05-18,1.0821340084075928,1.2085760831832886
2020-05-19,1.0915124416351318,1.2200031280517578
2020-05-20,1.0927767753601074,1.2255953550338743
2020-05-21,1.0982975959777832,1.223690629005432
2020-05-22,1.0952903032302856,1.2223445177078247
2020-05-25,1.0907801389694214,1.218605637550354
2020-05-26,1.0902997255325315,1.220137119293213
2020-05-27,1.0981770753860474,1.23350191116333
2020-05-28,1.1016855239868164,1.2264822721481323
2020-05-29,1.1079105138778689,1.2321492433547974
2020-06-01,1.1118524074554443,1.23479962348938
2020-06-02,1.1125946044921875,1.248704433441162
2020-06-03,1.118943691253662,1.2581465244293213
2020-06-04,1.1235954761505127,1.2575136423110962
2020-06-05,1.1337867975234983,1.2609069347381592
2020-06-08,1.1319515705108645,1.2725722789764404
2020-06-09,1.1305567026138306,1.2735283374786377
2020-06-10,1.1332215070724487,1.2711325883865356
2020-06-11,1.1365444660186768,1.2710679769515991
2020-06-12,1.1288082599639893,1.257703423500061
2020-06-15,1.1252011060714722,1.2508755922317505
2020-06-16,1.1337740421295166,1.2637752294540403
2020-06-17,1.1265701055526731,1.258510708808899
2020-06-18,1.1242902278900146,1.2552721500396729
2020-06-19,1.1211000680923462,1.2426837682724
2020-06-22,1.1177555322647097,1.234811782836914
2020-06-23,1.1279679536819458,1.250156283378601
2020-06-24,1.1312345266342163,1.2524893283843994
2020-06-25,1.1250872611999512,1.2412954568862915
2020-06-26,1.1222084760665894,1.2425447702407837
2020-06-29,1.1225864887237549,1.234217405319214
2020-06-30,1.1247202157974243,1.2310571670532229
2020-07-01,1.1235954761505127,1.238927125930786
2020-07-02,1.1251378059387207,1.2464786767959597
2020-07-03,1.1237848997116089,1.2466403245925903
2020-07-06,1.1247202157974243,1.247551679611206
2020-07-07,1.1312856674194336,1.249547004699707
2020-07-08,1.1275228261947632,1.2542802095413208
2020-07-09,1.1339154243469238,1.2613521814346311
2020-07-10,1.128795504570007,1.2605094909667969
2020-07-13,1.1310042142868042,1.2627506256103516
2020-07-14,1.134549617767334,1.255177617073059
2020-07-15,1.1410704851150513,1.25692880153656
2020-07-16,1.1417193412780762,1.2591001987457275
2020-07-17,1.139211654663086,1.255950093269348
2020-07-20,1.1442956924438477,1.2571184635162354
2020-07-21,1.1458691358566284,1.266175389289856
2020-07-22,1.15340256690979,1.273074507713318
2020-07-23,1.1568717956542969,1.2729934453964231
2020-07-24,1.1596084833145142,1.273074507713318
2020-07-27,1.1652567386627195,1.2795906066894531
2020-07-28,1.1769275665283203,1.2889753580093384
2020-07-29,1.171879529953003,1.292373776435852
2020-07-30,1.1782865524291992,1.298246145248413
2020-07-31,1.1872254610061646,1.311785101890564
2020-08-03,1.1782310009002686,1.3101695775985718
2020-08-04,1.1763322353363037,1.3078734874725342
2020-08-05,1.181544303894043,1.3086093664169312
2020-08-06,1.187281847000122,1.31268048286438
2020-08-07,1.1876484155654907,1.3138015270233154
2020-08-10,1.178272724151611,1.3052273988723757
2020-08-11,1.1737778186798096,1.3077194690704346
2020-08-12,1.1736538410186768,1.3050740957260132
2020-08-13,1.179380178451538,1.3048017024993896
2020-08-14,1.1816558837890625,1.3070528507232666
2020-08-17,1.1852554082870483,1.3107001781463623
2020-08-18,1.1876484155654907,1.310787796974182
2020-08-19,1.1947859525680542,1.325398564338684
2020-08-20,1.1843500137329102,1.311079978942871
2020-08-21,1.1873664855957031,1.3220343589782717
2020-08-24,1.1798018217086792,1.309414625167847
2020-08-25,1.1794538497924805,1.307138204574585
2020-08-26,1.183501958847046,1.3152183294296265
2020-08-27,1.1842728853225708,1.3219819068908691
2020-08-28,1.1819632053375244,1.3199577331542969
2020-08-31,1.1918240785598757,1.3356484174728394
2020-09-01,1.193901538848877,1.3364516496658323
2020-09-02,1.1923214197158811,1.339943766593933
2020-09-03,1.184735894203186,1.335131287574768
2020-09-04,1.1839784383773804,1.3262248039245603
2020-09-07,1.183445930480957,1.3245735168457031
2020-09-08,1.182172775268555,1.3162224292755127
2020-09-09,1.177024483680725,1.2968486547470093
2020-09-10,1.1806375980377195,1.2999167442321775
2020-09-11,1.1824384927749634,1.2808295488357544
2020-09-14,1.1842728853225708,1.2806557416915894
2020-09-15,1.187000036239624,1.2849671840667725
2020-09-16,1.1844412088394165,1.2884771823883057
2020-09-17,1.1803449392318726,1.2959998846054075
2020-09-18,1.1848200559616089,1.297555446624756
2020-09-21,1.1845533847808838,1.2932761907577517
2020-09-22,1.176800012588501,1.2820513248443604
2020-09-23,1.1708368062973022,1.2744048833847046
2020-09-24,1.1658544540405271,1.2717468738555908
2020-09-25,1.1673243045806885,1.2757054567337036
2020-09-28,1.1635348796844482,1.2766826152801514
2020-09-29,1.167883276939392,1.2873492240905762
2020-09-30,1.1742050647735596,1.2866535186767578
2020-10-01,1.1726078987121582,1.2917560338974
2020-10-02,1.1744946241378784,1.2886265516281128
2020-10-05,1.1720443964004517,1.2931090593338013
2020-10-06,1.1792453527450562,1.2992581129074097
2020-10-07,1.1737639904022217,1.2883278131484983
2020-10-08,1.176747441291809,1.2917560338974
2020-10-09,1.1767003536224363,1.29404616355896
2020-10-12,1.181683897972107,1.3031693696975708
2020-10-13,1.1816140413284302,1.3065747022628784
2020-10-14,1.1742188930511477,1.2935272455215454
2020-10-15,1.1743981838226318,1.301236271858215
2020-10-16,1.1707134246826172,1.2902060747146606
2020-10-19,1.171550154685974,1.292774677276611
2020-10-20,1.176885962486267,1.2948671579360962
2020-10-21,1.1829839944839478,1.2954038381576538
2020-10-22,1.1853959560394287,1.3131976127624512
2020-10-23,1.1815024614334106,1.307805061340332
2020-10-26,1.184848070144653,1.3054660558700562
2020-10-27,1.180944323539734,1.301574945449829
2020-10-28,1.1784114837646484,1.303186297416687
2020-10-29,1.1748672723770142,1.2989881038665771
2020-10-30,1.1678695678710938,1.2931926250457764
2020-11-02,1.1642121076583862,1.2926744222640991
2020-11-03,1.1642799377441406,1.2923903465270996
2020-11-04,1.176221489906311,1.3121638298034668
2020-11-05,1.17326819896698,1.2966804504394531
2020-11-06,1.1817537546157837,1.3139395713806152
2020-11-09,1.1893010139465332,1.318061351776123
2020-11-10,1.182732105255127,1.3169677257537842
2020-11-11,1.1818794012069702,1.3261544704437256
2020-11-12,1.1780297756195068,1.3224189281463623
2020-11-13,1.1803393363952637,1.3121638298034668
2020-11-16,1.1845253705978394,1.3220518827438354
2020-11-17,1.1859441995620728,1.322209119796753
2020-11-18,1.186366319656372,1.3259083032608032
2020-11-19,1.1847639083862305,1.325644612312317
2020-11-20,1.1866477727890017,1.3249244689941406
2020-11-23,1.1866477727890017,1.3305126428604126
2020-11-24,1.1842728853225708,1.332906723022461
2020-11-25,1.1900511980056765,1.3363267183303833
2020-11-26,1.1920002698898315,1.3385447263717651
2020-11-27,1.191599726676941,1.3354523181915283
2020-11-30,1.1971460580825806,1.333191156387329
2020-12-01,1.193816065788269,1.3336889743804932
2020-12-02,1.2074378728866575,1.3422638177871704
2020-12-03,1.2114603519439695,1.3370771408081057
2020-12-04,1.2145650386810305,1.345496654510498
2020-12-07,1.212135910987854,1.3417415618896484
2020-12-08,1.2113136053085327,1.3357375860214231
2020-12-09,1.2110936641693115,1.3365589380264282
2020-12-10,1.207875370979309,1.3367018699645996
2020-12-11,1.2144293785095217,1.3305658102035522
2020-12-14,1.213340401649475,1.3318239450454712
2020-12-15,1.214889645576477,1.3330844640731812
2020-12-16,1.2154301404953003,1.3444474935531616
2020-12-17,1.2199585437774658,1.3502929210662842
2020-12-18,1.226271629333496,1.3570178747177124
2020-12-21,1.221612811088562,1.3401951789855957
2020-12-22,1.223690629005432,1.3449536561965942
2020-12-23,1.2186651229858398,1.339943766593933
2020-12-24,1.2191405296325684,1.350530028343201
2020-12-25,1.2184720039367676,1.3552008867263794
2020-12-28,1.2205095291137695,1.3572388887405396
2020-12-29,1.2223445177078247,1.3466018438339231
2020-12-30,1.225295066833496,1.3499903678894043
2020-12-31,1.2299896478652954,1.36306631565094
2021-01-01,1.218026876449585,1.3673007488250732
2021-01-04,1.2250697612762451,1.3684196472167969
2021-01-05,1.2251598834991455,1.3571596145629885
2021-01-06,1.230027437210083,1.3629549741744995
2021-01-07,1.2341108322143557,1.3625277280807495
2021-01-08,1.227144479751587,1.3569625616073608
2021-01-11,1.218620538711548,1.3516253232955933
2021-01-12,1.2160701751708984,1.3524113893508911
2021-01-13,1.220889449119568,1.3670539855957031
2021-01-14,1.2162491083145142,1.364926815032959
2021-01-15,1.2151259183883667,1.3683634996414185
2021-01-18,1.2068113088607788,1.357533574104309
2021-01-19,1.207729458808899,1.3581236600875854
2021-01-20,1.213886857032776,1.3644241094589231
2021-01-21,1.2115631103515625,1.3668484687805176
2021-01-22,1.2166293859481812,1.3729474544525146
2021-01-25,1.216944694519043,1.3688204288482666
2021-01-26,1.214624047279358,1.3678992986679075
2021-01-27,1.216299295425415,1.374154806137085
2021-01-28,1.2105072736740112,1.3669419288635254
2021-01-29,1.2120037078857422,1.3725008964538574
2021-02-01,1.2123857736587524,1.3697690963745115
2021-02-02,1.2068694829940796,1.3678767681121826
2021-02-03,1.203905463218689,1.3659336566925049
2021-02-04,1.2042388916015625,1.364908218383789
2021-02-05,1.1966731548309326,1.3676148653030396
2021-02-08,1.2048773765563965,1.373871684074402
2021-02-09,1.2053595781326294,1.374570369720459
2021-02-10,1.2119992971420288,1.3817994594573977
2021-02-11,1.2121212482452393,1.3832597732543943
2021-02-12,1.2131506204605105,1.381024718284607
2021-02-15,1.2122093439102173,1.3871549367904663
2021-02-16,1.2132196426391602,1.3914785385131836
2021-02-17,1.2092483043670654,1.388811707496643
2021-02-18,1.2048004865646362,1.3866355419158936
2021-02-19,1.209189772605896,1.3967455625534058
2021-02-22,1.2126356363296509,1.403114914894104
2021-02-23,1.2166796922683716,1.4071228504180908
2021-02-24,1.215214490890503,1.412030577659607
2021-02-25,1.2171372175216677,1.4148274660110474
2021-02-26,1.2160420417785645,1.40081524848938
2021-03-01,1.208956003189087,1.397252917289734
2021-03-02,1.2051095962524414,1.392951726913452
2021-03-03,1.208546757698059,1.3954981565475464
2021-03-04,1.2050660848617554,1.3926994800567627
2021-03-05,1.1967735290527344,1.3894098997116089
2021-03-08,1.1925631761550903,1.385367751121521
2021-03-09,1.185171127319336,1.3823610544204712
2021-03-10,1.1897906064987185,1.389043211936951
2021-03-11,1.1926058530807495,1.3931456804275513
2021-03-12,1.1986095905303955,1.3989927768707275
2021-03-15,1.1950000524520874,1.392951726913452
2021-03-16,1.1925773620605469,1.3899120092391968
2021-03-17,1.190164566040039,1.3902212381362915
2021-03-18,1.1982792615890503,1.3975849151611328
2021-03-19,1.1918240785598757,1.3925055265426636
2021-03-22,1.1883116960525513,1.3832597732543943
2021-03-23,1.193303108215332,1.3862512111663818
2021-03-24,1.1840205192565918,1.373041749000549
2021-03-25,1.1813069581985474,1.3688879013061523
2021-03-26,1.1776621341705322,1.374910593032837
2021-03-29,1.1788004636764526,1.3791011571884155
2021-03-30,1.177100658416748,1.3775053024291992
2021-03-31,1.1723604202270508,1.3746649026870728
2021-04-01,1.1728830337524414,1.3786258697509766
2021-04-02,1.177994966506958,1.383508563041687
2021-04-05,1.176816701889038,1.383125901222229
2021-04-06,1.1818934679031372,1.3914011716842651
2021-04-07,1.1874228715896606,1.383125901222229
2021-04-08,1.1873664855957031,1.3743815422058103
2021-04-09,1.1915684938430786,1.373437762260437
2021-04-12,1.1900511980056765,1.3712154626846311
2021-04-13,1.1914690732955933,1.3753834962844849
2021-04-14,1.1954143047332764,1.3759700059890747
2021-04-15,1.1986095905303955,1.3779228925704956
2021-04-16,1.1971746683120728,1.3785498142242432
2021-04-19,1.1969454288482666,1.3818453550338743
2021-04-20,1.204529047012329,1.3993842601776123
2021-04-21,1.2032392024993896,1.3938837051391602
2021-04-22,1.2037750482559204,1.3931845426559448
2021-04-23,1.2014753818511963,1.3840255737304688
2021-04-26,1.2089852094650269,1.3866355419158936
2021-04-27,1.2081671953201294,1.3895643949508667
2021-04-28,1.2090305089950562,1.390356421470642
2021-04-29,1.213592290878296,1.395673394203186
2021-04-30,1.2127091884613037,1.3952839374542236
2021-05-03,1.2027760744094849,1.3819791078567505
2021-05-04,1.2061271667480469,1.3903758525848389
2021-05-05,1.2015043497085571,1.388811707496643
2021-05-06,1.2007973194122314,1.3909753561019895
2021-05-07,1.2068549394607544,1.389854073524475
2021-05-10,1.2171076536178589,1.4041197299957275
2021-05-11,1.2140932083129885,1.413127899169922
2021-05-12,1.2144500017166138,1.4138271808624268
2021-05-13,1.2078505754470823,1.4063708782196045
2021-05-14,1.207729458808899,1.4050863981246948
2021-05-17,1.2150373458862305,1.4101786613464355
2021-05-18,1.215687274932861,1.4148674011230469
2021-05-19,1.2223997116088867,1.41880202293396
2021-05-20,1.217285394668579,1.4106162786483765
2021-05-21,1.222538709640503,1.4185603857040403
2021-05-24,1.2183235883712769,1.4142870903015137
2021-05-25,1.2214635610580444,1.415608525276184
2021-05-26,1.2249093055725098,1.4143872261047363
2021-05-27,1.21925950050354,1.4116119146347046
2021-05-28,1.2193188667297363,1.4203739166259766
2021-05-31,1.2190067768096924,1.4180374145507812
2021-06-01,1.223286509513855,1.422677516937256
2021-06-02,1.2217769622802734,1.4157087802886963
2021-06-03,1.220986247062683,1.4171934127807615
2021-06-04,1.213300704956055,1.4109944105148315
2021-06-07,1.2168411016464231,1.4164307117462158
2021-06-08,1.2193634510040283,1.41765558719635
2021-06-09,1.217285394668579,1.414987564086914
2021-06-10,1.218200445175171,1.4112334251403809
2021-06-11,1.2172558307647705,1.4170126914978027
2021-06-14,1.2110203504562378,1.411930799484253
2021-06-15,1.212224006652832,1.4109944105148315
2021-06-16,1.2127091884613037,1.4081531763076782
2021-06-17,1.1995586156845093,1.3990709781646729
2021-06-18,1.1913414001464844,1.3938642740249634
2021-06-21,1.1873664855957031,1.381711721420288
2021-06-22,1.1912561655044556,1.392540454864502
2021-06-23,1.1936734914779663,1.3949919939041138
2021-06-24,1.193317413330078,1.3967455625534058
2021-06-25,1.1930327415466309,1.3916915655136108
2021-06-28,1.1942152976989746,1.389506459236145
2021-06-29,1.1928904056549072,1.387905836105347
2021-06-30,1.1901928186416626,1.3842746019363403
2021-07-01,1.1856770515441897,1.3829153776168823
2021-07-02,1.1846235990524292,1.3759511709213257
2021-07-05,1.1856207847595217,1.383125901222229
2021-07-06,1.186380386352539,1.3856172561645508
2021-07-07,1.1824523210525513,1.3805670738220217
2021-07-08,1.17933988571167,1.3801099061965942
2021-07-09,1.184800386428833,1.3790820837020874
2021-07-12,1.187295913696289,1.3899506330490112
2021-07-13,1.186521053314209,1.3886960744857788
2021-07-14,1.1775373220443726,1.3806052207946775
2021-07-15,1.1833338737487793,1.385809302330017
2021-07-16,1.1811814308166504,1.3829728364944458
2021-07-19,1.1814005374908447,1.376386642456055
2021-07-20,1.1793843507766724,1.3669979572296145
2021-07-21,1.1784114837646484,1.3633265495300293
2021-07-22,1.179273009300232,1.3714035749435425
2021-07-23,1.177273869514465,1.377389669418335
2021-07-26,1.177343249320984,1.3757808208465576
2021-07-27,1.1807769536972046,1.3829153776168823
2021-07-28,1.1823126077651978,1.3882719278335571
2021-07-29,1.1845955848693848,1.3906852006912231
2021-07-30,1.189299702644348,1.3964334726333618
2021-08-02,1.186704158782959,1.3896223306655884
2021-08-03,1.1874650716781616,1.389274835586548
2021-08-04,1.1869436502456665,1.391788363456726
2021-08-05,1.1837401390075684,1.389043211936951
2021-08-06,1.1835720539093018,1.3927576541900637
2021-08-09,1.1749500036239624,1.3868471384048462
2021-08-10,1.17384672164917,1.384907364845276
2021-08-11,1.172333002090454,1.3836042881011963
2021-08-12,1.1741899251937866,1.386693239212036
2021-08-13,1.173626184463501,1.3811582326889038
2021-08-16,1.179467797279358,1.3863856792449951
2021-08-17,1.177994966506958,1.3842746019363403
2021-08-18,1.1709738969802856,1.3740416765213013
2021-08-19,1.1703298091888428,1.3743815422058103
2021-08-20,1.1676595211029053,1.36308491230011
2021-08-23,1.1697548627853394,1.3625277280807495
2021-08-24,1.1744533777236938,1.37247633934021
2021-08-25,1.175309181213379,1.3725517988204956
2021-08-26,1.177440166473389,1.3766520023345947
2021-08-27,1.1756407022476196,1.3702384233474731
2021-08-30,1.1799006462097168,1.3762996196746826
2021-08-31,1.1796904802322388,1.376045823097229
2021-09-01,1.1810280084609983,1.3753398656845093
2021-09-02,1.1840906143188477,1.3771638870239258
2021-09-03,1.1876484155654907,1.383680820465088
2021-09-06,1.1885942220687866,1.3859245777130127
2021-09-07,1.187507390975952,1.3839489221572876
2021-09-08,1.184356927871704,1.3779798746109009
2021-09-09,1.1819101572036743,1.3767657279968262
2021-09-10,1.182592272758484,1.3839681148529053
2021-09-13,1.1811953783035278,1.3840830326080322
2021-09-14,1.1811953783035278,1.3838149309158323
2021-09-15,1.180498123168945,1.381024718284607
2021-09-16,1.1819995641708374,1.3848881721496582
2021-09-17,1.176747441291809,1.3797005414962769
2021-09-20,1.1729930639266968,1.3729662895202637
2021-09-21,1.1730204820632937,1.366269588470459
2021-09-22,1.17229163646698,1.3657469749450684
2021-09-23,1.168770432472229,1.3617113828659058
2021-09-24,1.1740258932113647,1.3722503185272217
2021-09-27,1.172305464744568,1.3669044971466064
2021-09-28,1.1696795225143433,1.3701633214950562
2021-09-29,1.1686338186264038,1.354224443435669
2021-09-30,1.1601601839065552,1.3426424264907837
2021-10-01,1.1574475765228271,1.346982717514038
2021-10-04,1.160725712776184,1.3570915460586548
2021-10-05,1.1618449687957764,1.3607479333877563
2021-10-06,1.1596084833145142,1.3627691268920898
2021-10-07,1.1555349826812744,1.3592127561569214
2021-10-08,1.1559758186340332,1.3620266914367676
2021-10-11,1.1566041707992554,1.361655831336975
2021-10-12,1.1553747653961182,1.3590649366378784
2021-10-13,1.15340256690979,1.3578838109970093
2021-10-14,1.1599582433700562,1.366923213005066
2021-10-15,1.159151554107666,1.3668859004974363
2021-10-18,1.1597026586532593,1.376159429550171
2021-10-19,1.161386251449585,1.373645305633545
2021-10-20,1.1631964445114136,1.3793197870254517
2021-10-21,1.1655012369155884,1.3822999000549316
2021-10-22,1.1625338792800903,1.379120111465454
2021-10-25,1.164008855819702,1.3762730360031128
2021-10-26,1.161170482635498,1.37644362449646
2021-10-27,1.159823656082153,1.3766140937805176
2021-10-28,1.1600120067596436,1.3732868432998655
2021-10-29,1.1683608293533323,1.380071759223938
2021-11-01,1.1556684970855713,1.36832594871521
2021-11-02,1.1599582433700562,1.365541934967041
2021-11-03,1.1579434871673584,1.3617392778396606
2021-11-04,1.1615750789642334,1.3694878816604614
2021-11-05,1.1555349826812744,1.3508602380752563
2021-11-08,1.1568851470947266,1.349127173423767
2021-11-09,1.159151554107666,1.3564507961273191
2021-11-10,1.1595547199249268,1.3560001850128174
2021-11-11,1.148593544960022,1.3412736654281616
2021-11-12,1.145081877708435,1.3366482257843018
2021-11-15,1.144164800643921,1.341705560684204
2021-11-16,1.1366478204727173,1.3408420085906982
2021-11-17,1.1321182250976562,1.3424620628356934
2021-11-18,1.1321182250976562,1.34916353225708
2021-11-19,1.1368415355682373,1.3499648571014404
2021-11-22,1.1275737285614014,1.3434540033340454
2021-11-23,1.12421452999115,1.3397642374038696
2021-11-24,1.124492645263672,1.337595820426941
2021-11-25,1.1202975511550903,1.333066701889038
2021-11-26,1.1209630966186523,1.331416130065918
2021-11-29,1.1293182373046875,1.334098219871521
2021-11-30,1.1293437480926514,1.3315047025680542
2021-12-01,1.1330289840698242,1.3295927047729492
2021-12-02,1.1319515705108645,1.3280000686645508
2021-12-03,1.1306205987930298,1.3299994468688965
2021-12-06,1.13047993183136,1.3237318992614746
2021-12-07,1.128668189048767,1.326435923576355
2021-12-08,1.127650022506714,1.3246086835861206
2021-12-09,1.1345586776733398,1.3210039138793943
2021-12-10,1.1293309926986694,1.3224014043807983
2021-12-13,1.131183385848999,1.3257148265838623
2021-12-14,1.1285407543182373,1.3213530778884888
2021-12-15,1.1261261701583862,1.323050618171692
2021-12-16,1.1290758848190308,1.3263126611709597
2021-12-17,1.1334141492843628,1.3323739767074585
2021-12-20,1.124353528022766,1.3229438066482544
2021-12-21,1.127751708030701,1.3210004568099976
2021-12-22,1.128757357597351,1.3269639015197754
2021-12-23,1.1328877210617063,1.3352025747299194
2021-12-24,1.132733702659607,1.3406623601913452
2021-12-27,1.1324259042739868,1.3404303789138794
2021-12-28,1.1330032348632812,1.344266653060913
2021-12-29,1.1314777135849,1.3433277606964111
2021-12-30,1.1360150575637815,1.349879264831543
2021-12-31,1.132502794265747,1.349837303161621
2022-01-03,1.1373459100723269,1.3522284030914309
2022-01-04,1.1302244663238523,1.3483266830444336
2022-01-05,1.1283625364303589,1.353143334388733
2022-01-06,1.1313496828079224,1.3555645942687988
2022-01-07,1.1296881437301636,1.353363037109375
2022-01-10,1.1353960037231443,1.3592311143875122
2022-01-11,1.1330417394638062,1.3580313920974731
2022-01-12,1.1366478204727173,1.3633265495300293
2022-01-13,1.144164800643921,1.3709993362426758
2022-01-14,1.1457115411758425,1.3713659048080444
2022-01-17,1.1410704851150513,1.367353081703186
2022-01-18,1.1410574913024902,1.364800214767456
2022-01-19,1.1329647302627563,1.3600261211395264
2022-01-20,1.1343399286270142,1.360858917236328
2022-01-21,1.1313753128051758,1.359767198562622
2022-01-24,1.1341469287872314,1.3555830717086792
2022-01-25,1.132413029670715,1.3489269018173218
2022-01-26,1.130454421043396,1.3510775566101074
2022-01-27,1.124353528022766,1.3468012809753418
2022-01-28,1.1147029399871826,1.3388315439224243
2022-01-31,1.1152374744415283,1.3403388261795044
2022-02-01,1.12296462059021,1.3445378541946411
2022-02-02,1.1273956298828125,1.352539300918579
2022-02-03,1.1299946308135986,1.3565024137496948
2022-02-04,1.14357590675354,1.359841227531433
2022-02-07,1.145514726638794,1.3533447980880735
2022-02-08,1.1442956924438477,1.353780746459961
2022-02-09,1.142126202583313,1.3547565937042236
2022-02-10,1.142152190208435,1.3533265590667725
2022-02-11,1.1415525674819946,1.3551788330078125
2022-02-14,1.1365057229995728,1.3569625616073608
2022-02-15,1.1306334733963013,1.3532898426055908
2022-02-16,1.1356796026229858,1.3541145324707031
2022-02-17,1.1375269889831543,1.3584926128387451
2022-02-18,1.1366478204727173,1.3618782758712769
2022-02-21,1.131721019744873,1.359342098236084
2022-02-22,1.1309658288955688,1.3596007823944092
2022-02-23,1.13291335105896,1.3589357137680054
2022-02-24,1.1305694580078125,1.3545730113983154
2022-02-25,1.11906898021698,1.337327480316162
2022-02-28,1.118105411529541,1.337327480316162
2022-03-01,1.1215918064117432,1.3422818183898926
2022-03-02,1.1132758855819702,1.3335111141204834
2022-03-03,1.1112345457077026,1.33969247341156
2022-03-04,1.1066844463348389,1.3350956439971924
2022-03-07,1.087453007698059,1.3212482929229736
2022-03-08,1.0865312814712524,1.311229586601257
2022-03-09,1.0898232460021973,1.3099292516708374
2022-03-10,1.107382893562317,1.3185653686523438
2022-03-11,1.1013944149017334,1.3103240728378296
2022-03-14,1.093206763267517,1.3050298690795898
2022-03-15,1.0943193435668943,1.3011853694915771
2022-03-16,1.0969363451004028,1.304648518562317
2022-03-17,1.1021955013275146,1.3141123056411743
2022-03-18,1.1099518537521362,1.3160406351089478
2022-03-21,1.1043134927749634,1.316083908081055
2022-03-22,1.101722002029419,1.3168290853500366
2022-03-23,1.1029735803604126,1.3266470432281494
2022-03-24,1.1006306409835815,1.3206027746200562
2022-03-25,1.1009578704833984,1.3195745944976809
2022-03-28,1.098189115524292,1.317627191543579
2022-03-29,1.099384307861328,1.3103584051132202
2022-03-30,1.1091516017913818,1.3093804121017456
2022-03-31,1.116183519363403,1.3138878345489502
2022-04-01,1.1072357892990112,1.314699649810791
2022-04-04,1.1047282218933103,1.3103755712509155
2022-04-05,1.0975863933563232,1.3114582300186155
2022-04-06,1.090643286705017,1.3077365159988403
2022-04-07,1.0898232460021973,1.307206630706787
2022-04-08,1.0864840745925903,1.3069332838058472
2022-04-11,1.0884946584701538,1.303220272064209
2022-04-12,1.087795972824097,1.3024225234985352
2022-04-13,1.0826143026351929,1.3002548217773438
2022-04-14,1.089656949043274,1.312026023864746
2022-04-15,1.0820988416671753,1.3070015907287598
2022-04-18,1.081525444984436,1.3057557344436646
2022-04-19,1.0781787633895874,1.3009822368621826
2022-04-20,1.0794472694396973,1.301371693611145
2022-04-21,1.0849870443344116,1.3068820238113403
2022-04-22,1.0835175514221191,1.302626132965088
2022-04-25,1.0811045169830322,1.2830876111984253
2022-04-26,1.0714209079742432,1.2739989757537842
2022-04-27,1.0643619298934937,1.2583998441696167
2022-04-28,1.0555092096328735,1.2541857957839966
2022-04-29,1.050420165061951,1.2463854551315308
2022-05-02,1.0535964965820312,1.2573871612548828
2022-05-03,1.0509058237075806,1.249828219413757
2022-05-04,1.052853226661682,1.2500405311584473
2022-05-05,1.0622477531433103,1.261813759803772
2022-05-06,1.0539740324020386,1.2364147901535034
2022-05-09,1.053219199180603,1.2326656579971311
2022-05-10,1.056579828262329,1.2338824272155762
2022-05-11,1.0532968044281006,1.2309207916259766
2022-05-12,1.05124831199646,1.2234212160110474
2022-05-13,1.0379581451416016,1.220613718032837
2022-05-16,1.0400632619857788,1.2258507013320925
2022-05-17,1.0438958406448364,1.2324832677841189
2022-05-18,1.0547856092453003,1.2484394311904907
2022-05-19,1.0472739934921265,1.2345831394195557
2022-05-20,1.057898759841919,1.2462146282196045
2022-05-23,1.056981921195984,1.2504063844680786
2022-05-24,1.0682048797607422,1.256754994392395
2022-05-25,1.0736525058746338,1.2542959451675415
2022-05-26,1.0686614513397217,1.258610486984253
2022-05-27,1.0732953548431396,1.261734127998352
2022-05-30,1.073145627975464,1.262833595275879
2022-05-31,1.0773539543151855,1.264702081680298
2022-06-01,1.0734105110168457,1.2608909606933594
2022-06-02,1.0654165744781494,1.2483147382736206
2022-06-03,1.0751069784164429,1.2579249143600464
2022-06-06,1.0726046562194824,1.249230146408081
2022-06-07,1.0691413879394531,1.2523481845855713
2022-06-08,1.0698620080947876,1.2587324380874634
2022-06-09,1.071765422821045,1.254028558731079
2022-06-10,1.0619205236434937,1.249297261238098
2022-06-13,1.0489987134933472,1.2274909019470217
2022-06-14,1.0415147542953491,1.2144765853881836
2022-06-15,1.0440592765808103,1.201258897781372
2022-06-16,1.0456204414367676,1.2174336910247805
2022-06-17,1.0546854734420776,1.2354830503463743
2022-06-20,1.049141764640808,1.2228227853775024
2022-06-21,1.0520778894424438,1.225174903869629
2022-06-22,1.053263545036316,1.2266627550125122
2022-06-23,1.0564124584197998,1.225084900856018
2022-06-24,1.052011489868164,1.2260762453079224
2022-06-27,1.0566133260726929,1.228244662284851
2022-06-28,1.0580891370773315,1.2267379760742188
2022-06-29,1.0523545742034912,1.218976974487305
2022-06-30,1.04465913772583,1.2131799459457395
2022-07-01,1.0477677583694458,1.2160863876342771
2022-07-04,1.0433948040008545,1.2102727890014648
2022-07-05,1.0433186292648315,1.211445689201355
2022-07-06,1.0257673263549805,1.19491446018219
2022-07-07,1.0186411142349243,1.1923214197158811
2022-07-08,1.0169836282730105,1.2028049230575562
2022-07-11,1.0166114568710327,1.2016630172729492
2022-07-12,1.004752516746521,1.1900936365127563
2022-07-13,1.0033109188079834,1.1877753734588623
2022-07-14,1.0032706260681152,1.186380386352539
2022-07-15,1.0025665760040283,1.1839643716812134
2022-07-18,1.009631872177124,1.1888344287872314
2022-07-19,1.0145177841186523,1.194828748703003
2022-07-20,1.0231330394744873,1.2003505229949951
2022-07-21,1.0182781219482422,1.1971746683120728
2022-07-22,1.0221081972122192,1.1996161937713623
2022-07-25,1.0200231075286863,1.1986957788467407
2022-07-26,1.022494912147522,1.2055164575576782
2022-07-27,1.0129557847976685,1.2036880254745483
2022-07-28,1.0209290981292725,1.2163082361221311
2022-07-29,1.0192328691482544,1.2173447608947754
2022-08-01,1.0208247900009155,1.2167373895645142
2022-08-02,1.0261356830596924,1.2254151105880735
2022-08-03,1.015568733215332,1.214299559593201
2022-08-04,1.015764594078064,1.2138278484344482
2022-08-05,1.024779200553894,1.215849757194519
2022-08-08,1.0170871019363403,1.2059526443481443
2022-08-09,1.0197629928588867,1.208473801612854
2022-08-10,1.0208144187927246,1.207423210144043
2022-08-11,1.0300782918930054,1.2212995290756226
2022-08-12,1.0316723585128784,1.2196162939071655
2022-08-15,1.0256409645080566,1.2127974033355713
2022-08-16,1.0161981582641602,1.205690860748291
2022-08-17,1.0170663595199585,1.209818959236145
2022-08-18,1.0180189609527588,1.2045146226882937
2022-08-19,1.0089900493621826,1.193274736404419
2022-08-22,1.0035223960876465,1.1818095445632937
2022-08-23,0.9939467906951904,1.1766505241394043
2022-08-24,0.9966909885406494,1.18327796459198
2022-08-25,0.9969095587730408,1.1791757345199585
2022-08-26,0.9971283078193665,1.1824007034301758
2022-08-29,0.993867814540863,1.1694538593292236
2022-08-30,1.0014019012451172,1.172250509262085
2022-08-31,1.0025062561035156,1.1659767627716064
2022-09-01,1.003905177116394,1.1598505973815918
2022-09-02,0.995232880115509,1.154894471168518
2022-09-05,0.9909427762031556,1.1474601030349731
2022-09-06,0.9952229857444764,1.156644344329834
2022-09-07,0.98979514837265,1.151185154914856
2022-09-08,0.9995701909065248,1.1519808769226074
2022-09-09,1.0012015104293823,1.1521600484848022
2022-09-12,1.0071406364440918,1.16193950176239
2022-09-13,1.0129557847976685,1.1689754724502563
2022-09-14,0.9982032775878906,1.1506155729293823
2022-09-15,0.9984025359153748,1.1544944047927856
2022-09-16,0.9988313317298888,1.1452654600143433
2022-09-19,1.002234935760498,1.1433144807815552
2022-09-20,1.0029587745666504,1.1443217992782593
2022-09-21,0.997078537940979,1.138057827949524
2022-09-22,0.983071506023407,1.1255937814712524
2022-09-23,0.9841550588607788,1.126417875289917
2022-09-26,0.968992292881012,1.0797386169433594
2022-09-27,0.9623712301254272,1.077284336090088
2022-09-28,0.959619164466858,1.072754144668579
2022-09-29,0.9708172082901,1.0835996866226196
2022-09-30,0.9829555749893188,1.1169440746307373
2022-10-03,0.9792688488960266,1.114057183265686
2022-10-04,0.983206868171692,1.1334141492843628
2022-10-05,0.998432457447052,1.1451343297958374
2022-10-06,0.9910998940467834,1.13553786277771
2022-10-07,0.9789045453071594,1.1162084341049194
2022-10-10,0.9735012650489808,1.1072726249694824
2022-10-11,0.9710057377815248,1.107640504837036
2022-10-12,0.9700167775154114,1.0967799425125122
2022-10-13,0.9707984328269958,1.11055588722229
2022-10-14,0.975134015083313,1.1303905248641968
2022-10-17,0.973937451839447,1.124416708946228
2022-10-18,0.9846396446228028,1.1353960037231443
2022-10-19,0.9863878488540648,1.134429931640625
2022-10-20,0.9766482710838318,1.1211013793945312
2022-10-21,0.9778899550437928,1.1221455335617063
2022-10-24,0.9860085844993592,1.1344685554504397
2022-10-25,0.9886503219604492,1.1307740211486816
2022-10-26,0.9963731169700624,1.146223783493042
2022-10-27,1.009193778038025,1.1638191938400269
2022-10-28,0.9967803955078124,1.1566041707992554
2022-10-31,0.9955002665519714,1.159595012664795
2022-11-01,0.9886307716369628,1.146815299987793
2022-11-02,0.9877909421920776,1.1489498615264893
2022-11-03,0.9814409017562866,1.1384334564208984
2022-11-04,0.9749630093574524,1.1171187162399292
2022-11-07,0.9928810596466064,1.1331573724746704
2022-11-08,1.0018634796142578,1.1517950296401978
2022-11-09,1.008084774017334,1.1552680730819702
2022-11-10,1.0019538402557373,1.1368157863616943
2022-11-11,1.0192224979400637,1.1695632934570312
2022-11-14,1.0328551530838013,1.1799131631851196
2022-11-15,1.0319278240203855,1.175249695777893
2022-11-16,1.0357863903045654,1.1880435943603516
2022-11-17,1.039501070976257,1.191525936126709
2022-11-18,1.036172866821289,1.1860145330429075
2022-11-21,1.0330898761749268,1.1886366605758667
2022-11-22,1.0245691537857056,1.1827600002288818
2022-11-23,1.0311086177825928,1.1894567012786863
2022-11-24,1.04162335395813,1.2073503732681274
2022-11-25,1.040810227394104,1.2113430500030518
2022-11-28,1.0367528200149536,1.2054728269577026
2022-11-29,1.034554123878479,1.1960291862487793
2022-11-30,1.0324499607086182,1.1946860551834106
2022-12-01,1.042535424232483,1.207749843597412
2022-12-02,1.052842140197754,1.2259259223937988
2022-12-05,1.0544185638427734,1.2297248840332031
2022-12-06,1.0496923923492432,1.2192445993423462
2022-12-07,1.0469011068344116,1.213300704956055
2022-12-08,1.051325798034668,1.2212398052215576
2022-12-09,1.0559661388397217,1.2236007452011108
2022-12-12,1.0522217750549316,1.2239153385162354
2022-12-13,1.0541739463806152,1.2270842790603638
2022-12-14,1.062665343284607,1.235666275024414
2022-12-15,1.0676347017288208,1.2419428825378418
2022-12-16,1.064056158065796,1.2189176082611084
2022-12-19,1.05850350856781,1.2160272598266602
2022-12-20,1.0614584684371948,1.2153326272964478
2022-12-21,1.062699317932129,1.2189176082611084
2022-12-22,1.0610079765319824,1.2077397108078003
2022-12-23,1.060333013534546,1.203992486000061
2022-12-26,1.0667804479599,1.206000566482544
2022-12-27,1.064022183418274,1.208415389060974
2022-12-28,1.0637166500091553,1.2027326822280884
2022-12-29,1.062925100326538,1.2028483152389526
2022-12-30,1.066075325012207,1.2056326866149902
2023-01-02,1.0709733963012695,1.2120330333709717
2023-01-03,1.0677714347839355,1.206287145614624
2023-01-04,1.0546854734420776,1.1969740390777588
2023-01-05,1.0606365203857422,1.2057054042816162
2023-01-06,1.0522217750549316,1.1912277936935425
2023-01-09,1.0656323432922363,1.2116365432739258
2023-01-10,1.073318362236023,1.2184869050979614
2023-01-11,1.0738946199417114,1.2154507637023926
2023-01-12,1.0766000747680664,1.215953350067139
2023-01-13,1.0860239267349243,1.2217769622802734
2023-01-16,1.082461953163147,1.2226732969284058
2023-01-17,1.083012938499451,1.2207776308059692
2023-01-18,1.0793308019638062,1.228471040725708
2023-01-19,1.0797853469848633,1.234766125679016
2023-01-20,1.083388328552246,1.239326238632202
2023-01-23,1.086507797241211,1.240633249282837
2023-01-24,1.0874292850494385,1.2379761934280396
2023-01-25,1.088814616203308,1.232923984527588
2023-01-26,1.0922038555145264,1.2412492036819458
2023-01-27,1.0894432067871094,1.2415266036987305
2023-01-30,1.0871455669403076,1.2400301694869995
2023-01-31,1.0850694179534912,1.2353609800338743
2023-02-01,1.0860947370529177,1.2308903932571411
2023-02-02,1.1012852191925049,1.2390038967132568
2023-02-03,1.09051251411438,1.222299575805664
2023-02-06,1.079086184501648,1.2045146226882937
2023-02-07,1.0730764865875244,1.2026747465133667
2023-02-08,1.0729728937149048,1.2054582834243774
2023-02-09,1.0715816020965576,1.2071462869644165
2023-02-10,1.0742292404174805,1.2116806507110596
2023-02-13,1.0677714347839355,1.2052258253097534
2023-02-14,1.073041915893555,1.215214490890503
2023-02-15,1.0735719203948977,1.2174336910247805
2023-02-16,1.0691757202148438,1.2039779424667358
2023-02-17,1.0665756464004517,1.197533130645752
2023-02-20,1.0684444904327393,1.2029786109924316
2023-02-21,1.068261981010437,1.2039200067520142
2023-02-22,1.065200924873352,1.2109322547912598
2023-02-23,1.0605803728103638,1.204993486404419
2023-02-24,1.0598047971725464,1.2017786502838137
2023-02-27,1.055475831031799,1.1952428817749023
2023-02-28,1.0611205101013184,1.2061562538146973
2023-03-01,1.0577309131622314,1.2033549547195437
2023-03-02,1.066894292831421,1.2029930353164673
2023-03-03,1.0599732398986816,1.1951572895050049
2023-03-06,1.0626201629638672,1.2028483152389526
2023-03-07,1.0688328742980957,1.202645778656006
2023-03-08,1.05507493019104,1.1827740669250488
2023-03-09,1.0549525022506714,1.185016632080078
2023-03-10,1.0584698915481567,1.192250370979309
2023-03-13,1.0683646202087402,1.2079336643218994
2023-03-14,1.0725010633468628,1.2171372175216677
2023-03-15,1.0727657079696655,1.215214490890503
2023-03-16,1.0583354234695437,1.20692777633667
2023-03-17,1.0614134073257446,1.2110495567321775
2023-03-20,1.0678855180740356,1.218769073486328
2023-03-21,1.071914792060852,1.2276264429092407
2023-03-22,1.0774236917495728,1.2225087881088257
2023-03-23,1.0870392322540283,1.227973222732544
2023-03-24,1.0835057497024536,1.228154182434082
2023-03-27,1.077818512916565,1.224600315093994
2023-03-28,1.0807071924209597,1.229755163192749
2023-03-29,1.0839520692825315,1.2330456972122192
2023-03-30,1.0843634605407717,1.2313603162765503
2023-03-31,1.0904649496078491,1.238727569580078
2023-04-03,1.080333590507507,1.228697419166565
2023-04-04,1.091226577758789,1.2423131465911863
2023-04-05,1.0960105657577517,1.249843716621399
2023-04-06,1.090334177017212,1.2463078498840332
2023-04-07,1.0920130014419556,1.243900179862976
2023-04-10,1.0913575887680054,1.2431625127792358
2023-04-11,1.086932897567749,1.239218831062317
2023-04-12,1.0917507410049438,1.2431007623672483
2023-04-13,1.0999890565872192,1.2492660284042358
2023-04-14,1.1054610013961792,1.2525300979614258
2023-04-17,1.098659634590149,1.2400178909301758
2023-04-18,1.0925379991531372,1.2375471591949463
2023-04-19,1.0975382328033447,1.2425447702407837
2023-04-20,1.095218300819397,1.2428845167160034
2023-04-21,1.0970927476882937,1.244090557098389
2023-04-24,1.0992271900177002,1.2449734210968018
2023-04-25,1.1059499979019165,1.25
2023-04-26,1.0978394746780396,1.2414803504943848
2023-04-27,1.1047282218933103,1.2471472024917605
2023-04-28,1.1032048463821411,1.249750018119812
2023-05-01,1.1010911464691162,1.2557607889175415
2023-05-02,1.0969241857528689,1.2485953569412231
2023-05-03,1.1010911464691162,1.2476606369018557
2023-05-04,1.1068925857543943,1.256897211074829
2023-05-05,1.102292776107788,1.2583364248275757
2023-05-08,1.10186767578125,1.2630568742752075
2023-05-09,1.0996140241622925,1.2612725496292114
2023-05-10,1.096467137336731,1.2624667882919312
2023-05-11,1.098406195640564,1.2626996040344238
2023-05-12,1.0912145376205444,1.2508130073547363
2023-05-15,1.0852696895599363,1.2450973987579346
2023-05-16,1.0873701572418213,1.2525207996368408
2023-05-17,1.0865668058395386,1.2484394311904907
2023-05-18,1.0838346481323242,1.2482805252075195
2023-05-19,1.0775396823883057,1.2412338256835938
2023-05-22,1.0822745561599731,1.2461059093475342
2023-05-23,1.0811045169830322,1.243440866470337
2023-05-24,1.076971173286438,1.241726994514465
2023-05-25,1.0757315158843994,1.2371032238006592
2023-05-26,1.072443604469299,1.2318304777145386
2023-05-29,1.0723055601119995,1.2346898317337036
2023-05-30,1.0707669258117676,1.234933853149414
2023-05-31,1.073306918144226,1.241187572479248
2023-06-01,1.0695186853408811,1.244694471359253
2023-06-02,1.0760787725448608,1.2525991201400757
2023-06-05,1.0698620080947876,1.2430236339569092
2023-06-06,1.0711798667907717,1.2433171272277832
2023-06-07,1.0698047876358032,1.2428536415100098
2023-06-08,1.0707440376281738,1.2445859909057615
2023-06-09,1.078271746635437,1.255950093269348
2023-06-12,1.0750954151153564,1.25809907913208
2023-06-13,1.0762988328933716,1.2515331506729126
2023-06-14,1.078934907913208,1.260684370994568
2023-06-15,1.084304690361023,1.26708984375
2023-06-16,1.0945948362350464,1.278576135635376
2023-06-19,1.0942115783691406,1.2830382585525513
2023-06-20,1.0924304723739624,1.2794759273529053
2023-06-21,1.0920368432998655,1.276535987854004
2023-06-22,1.0992635488510132,1.277204513549805
2023-06-23,1.0958904027938845,1.2747135162353516
2023-06-26,1.0906671285629272,1.2729610204696655
2023-06-27,1.091048002243042,1.2711971998214722
2023-06-28,1.0957223176956177,1.2744698524475098
2023-06-29,1.0915838479995728,1.264254450798035
2023-06-30,1.086802959442139,1.261463642120361
2023-07-03,1.0907504558563232,1.2693254947662354
2023-07-04,1.091309905052185,1.269293189048767
2023-07-05,1.0884946584701538,1.2717629671096802
2023-07-06,1.0856584310531616,1.2704542875289917
2023-07-07,1.0890636444091797,1.2742749452590942
2023-07-10,1.0969723463058472,1.2838947772979736
2023-07-11,1.100594401359558,1.2864713668823242
2023-07-12,1.101406455039978,1.2934770584106443
2023-07-13,1.1144545078277588,1.29962956905365
2023-07-14,1.1223469972610474,1.3128528594970703
2023-07-17,1.1227755546569824,1.3090204000473022
2023-07-18,1.123759627342224,1.307172417640686
2023-07-19,1.1228890419006348,1.303508996963501
2023-07-20,1.120523452758789,1.2939791679382324
2023-07-21,1.113709807395935,1.2872332334518433
2023-07-24,1.112532615661621,1.2853471040725708
2023-07-25,1.1063170433044434,1.281262755393982
2023-07-26,1.1050456762313845,1.2893908023834229
2023-07-27,1.1078368425369265,1.292724609375
2023-07-28,1.0978755950927734,1.2793776988983154
2023-07-31,1.1024264097213743,1.2853965759277344
2023-08-01,1.0997591018676758,1.283400535583496
2023-08-02,1.100788116455078,1.2795741558074951
2023-08-03,1.0944151878356934,1.2720379829406738
2023-08-04,1.095158338546753,1.2716336250305176
2023-08-07,1.1002674102783203,1.2747948169708252
2023-08-08,1.100315809249878,1.2782002687454224
2023-08-09,1.0958904027938845,1.2741613388061523
2023-08-10,1.0977671146392822,1.2720056772232056
2023-08-11,1.0981649160385132,1.2670094966888428
2023-08-14,1.094439148902893,1.2695027589797974
2023-08-15,1.0909883975982666,1.2685203552246094
2023-08-16,1.0904173851013184,1.2701315879821775
2023-08-17,1.0874884128570557,1.2728151082992554
2023-08-18,1.0874648094177246,1.275022268295288
2023-08-21,1.087559461593628,1.2741937637329102
2023-08-22,1.0898351669311523,1.2760798931121826
2023-08-23,1.0846692323684692,1.2731555700302124
2023-08-24,1.086578607559204,1.2720541954040527
2023-08-25,1.07991361618042,1.2592872381210327
2023-08-28,1.0797386169433594,1.2589701414108276
2023-08-29,1.082555651664734,1.2611136436462402
2023-08-30,1.0869210958480835,1.2636793851852417
2023-08-31,1.0932546854019165,1.271179437637329
2023-09-01,1.0844104290008545,1.2672826051712036
2023-09-04,1.07758629322052,1.2591445446014404
2023-09-05,1.0794472694396973,1.2623074054718018
2023-09-06,1.0726161003112793,1.2570552825927734
2023-09-07,1.0724204778671265,1.2498750686645508
2023-09-08,1.0697818994522097,1.2475050687789917
2023-09-11,1.071811318397522,1.2489992380142212
2023-09-12,1.0750375986099243,1.2508755922317505
2023-09-13,1.075326681137085,1.2491724491119385
2023-09-14,1.073422074317932,1.248953938484192
2023-09-15,1.0637166500091553,1.2401869297027588
2023-09-18,1.0668259859085083,1.2397565841674805
2023-09-19,1.0692671537399292,1.2383747100830078
2023-09-20,1.0682048797607422,1.2393569946289062
2023-09-21,1.065303087234497,1.2328935861587524
2023-09-22,1.0661548376083374,1.2294225692749023
2023-09-25,1.0648492574691772,1.2241849899291992
2023-09-26,1.0591648817062378,1.2213143110275269
2023-09-27,1.0569483041763306,1.2146830558776855
2023-09-28,1.0505305528640747,1.2135332822799685
2023-09-29,1.0562450885772705,1.2204796075820925
2023-10-02,1.0565240383148191,1.2193039655685425
2023-10-03,1.0480751991271973,1.209116816520691
2023-10-04,1.0472300052642822,1.2078461647033691
2023-10-05,1.0507071018218994,1.2137395143508911
2023-10-06,1.0546631813049316,1.218769073486328
2023-10-09,1.056747317314148,1.222090482711792
2023-10-10,1.0578875541687012,1.225039839744568
2023-10-11,1.0604791641235352,1.229135513305664
2023-10-12,1.0624282360076904,1.2316333055496216
2023-10-13,1.0536741018295288,1.2183235883712769
2023-10-16,1.052155375480652,1.215376853942871
2023-10-17,1.055431246757507,1.2211503982543943
2023-10-18,1.057305932044983,1.2178784608840942
2023-10-19,1.053851842880249,1.214343786239624
2023-10-20,1.0586491823196411,1.2137248516082764
2023-10-23,1.0589966773986816,1.216397047042847
2023-10-24,1.0669853687286377,1.2250248193740845
2023-10-25,1.059535264968872,1.216189980506897
2023-10-26,1.056725025177002,1.210345983505249
2023-10-27,1.0564459562301636,1.213710069656372
2023-10-30,1.0562450885772705,1.2113723754882812
2023-10-31,1.061503529548645,1.2165746688842771
2023-11-01,1.0579099655151367,1.215214490890503
2023-11-02,1.05870521068573,1.218219757080078
2023-11-03,1.061909317970276,1.2191851139068604
2023-11-06,1.073214769363403,1.237378716468811
2023-11-07,1.0721560716629028,1.2345526218414309
2023-11-08,1.0696102380752563,1.2291808128356934
2023-11-09,1.07104229927063,1.2285012006759644
2023-11-10,1.0667576789855957,1.2217023372650146
2023-11-13,1.069015622138977,1.2228227853775024
2023-11-14,1.0701825618743896,1.228063702583313
2023-11-15,1.0878314971923828,1.24945330619812
2023-11-16,1.0854581594467163,1.2422360181808472
2023-11-17,1.0853756666183472,1.2414957284927368
2023-11-20,1.090702772140503,1.2454540729522705
2023-11-21,1.0945948362350464,1.2509069442749023
2023-11-22,1.0918222665786743,1.2544218301773071
2023-11-23,1.0890873670578003,1.2490007877349854
2023-11-24,1.0906314849853516,1.2533526420593262
2023-11-27,1.0940439701080322,1.2600330114364624
2023-11-28,1.095842361450195,1.2634397745132446
2023-11-29,1.100594401359558,1.2712295055389404
2023-11-30,1.0973695516586304,1.2696397304534912
2023-12-01,1.089205980300903,1.2631685733795166
2023-12-04,1.088814616203308,1.271310329437256
2023-12-05,1.0837758779525757,1.2634079456329346
2023-12-06,1.0793657302856443,1.2594457864761353
2023-12-07,1.076669692993164,1.2558711767196655
2023-12-08,1.079214334487915,1.258954405784607
2023-12-11,1.0765769481658936,1.2554770708084106
2023-12-12,1.076658010482788,1.2554612159729004
2023-12-13,1.0798670053482056,1.257071018218994
2023-12-14,1.0886130332946775,1.2622915506362915
2023-12-15,1.0993602275848389,1.2771391868591309
2023-12-18,1.0895264148712158,1.2672343254089355
2023-12-19,1.092382788658142,1.2651821374893188
2023-12-20,1.0981045961380005,1.2732689380645752
2023-12-21,1.094570875167847,1.2641266584396362
2023-12-22,1.100618600845337,1.268499493598938
2023-12-25,1.102657437324524,1.2677003145217896
2023-12-26,1.1020255088806152,1.27048659324646
2023-12-27,1.1043012142181396,1.272718071937561
2023-12-28,1.110864281654358,1.2800819873809814
2023-12-29,1.1068191528320312,1.2733986377716064
2024-01-01,1.1055831909179688,1.272999882698059
2024-01-02,1.1038745641708374,1.2728800773620603
2024-01-03,1.0941756963729858,1.2623074054718018
2024-01-04,1.0927767753601074,1.2674272060394287
2024-01-05,1.0947387218475342,1.2684078216552734
2024-01-08,1.0942236185073853,1.271779179573059
2024-01-09,1.095170259475708,1.274518609046936
2024-01-10,1.093242645263672,1.2712942361831665
2024-01-11,1.0975141525268557,1.274518609046936
2024-01-12,1.0981649160385132,1.2777756452560425
2024-01-15,1.094570875167847,1.273658275604248
2024-01-16,1.094570875167847,1.271617412567139
2024-01-17,1.087878942489624,1.26385498046875
2024-01-18,1.0885775089263916,1.2676842212677002
2024-01-19,1.0879143476486206,1.2709871530532837
2024-01-22,1.089229702949524,1.2699863910675049
2024-01-23,1.088020920753479,1.2706964015960691
2024-01-24,1.0857881307601929,1.269196629524231
2024-01-25,1.088174819946289,1.271876335144043
2024-01-26,1.0847046375274658,1.270825743675232
2024-01-29,1.0843517780303955,1.2697607278823853
2024-01-30,1.0834470987319946,1.2713264226913452
2024-01-31,1.08433997631073,1.269551157951355
2024-02-01,1.0803920030593872,1.2678449153900146
2024-02-02,1.0874648094177246,1.27472984790802
2024-02-05,1.0780043601989746,1.2621959447860718
2024-02-06,1.0741831064224243,1.2534469366073608
2024-02-07,1.075719952583313,1.2606525421142578
2024-02-08,1.077574610710144,1.2627378702163696
2024-02-09,1.077725529670715,1.2620525360107422
2024-02-12,1.0798202753067017,1.2637271881103516
2024-02-13,1.0772264003753662,1.2627538442611694
2024-02-14,1.070893168449402,1.2590652704238892
2024-02-15,1.073214769363403,1.2568340301513672
2024-02-16,1.0773887634277344,1.259921908378601
2024-02-19,1.0784927606582642,1.2611136436462402
2024-02-20,1.0775396823883057,1.258764147758484
2024-02-21,1.0813149213790894,1.2627378702163696
2024-02-22,1.082040309906006,1.2638070583343506
2024-02-23,1.0825674533843994,1.266367793083191
2024-02-26,1.0820051431655884,1.2672665119171145
2024-02-27,1.0850930213928225,1.268455982208252
2024-02-28,1.084481120109558,1.268166422843933
2024-02-29,1.0838816165924072,1.2663036584854126
2024-03-01,1.0804970264434814,1.2625465393066406
2024-03-04,1.084269404411316,1.26603102684021
2024-03-05,1.0855170488357544,1.269196629524231
2024-03-06,1.0855995416641235,1.27048659324646
2024-03-07,1.089953899383545,1.2735446691513062
2024-03-08,1.0950144529342651,1.281558394432068
2024-03-11,1.0942955017089844,1.2855123281478882
2024-03-12,1.093135118484497,1.2819806337356567
2024-03-13,1.0927767753601074,1.2795906066894531
2024-03-14,1.0955302715301514,1.2802129983901978
2024-03-15,1.0883406400680542,1.2745835781097412
2024-03-18,1.0882576704025269,1.2731393575668335
2024-03-19,1.087393879890442,1.272718071937561
2024-03-20,1.0863306522369385,1.2719409465789795
2024-03-21,1.0937210321426392,1.2798361778259275
2024-03-22,1.0862362384796145,1.2661913633346558
2024-03-25,1.0807539224624634,1.25979483127594
2024-03-26,1.0838228464126587,1.2637910842895508
2024-03-27,1.0832358598709106,1.2628495693206787
2024-03-28,1.0813382863998413,1.261670470237732
2024-03-29,1.0794472694396973,1.26262629032135
2024-04-01,1.0792726278305054,1.2637271881103516
2024-04-02,1.0737217664718628,1.2545477151870728
2024-04-03,1.076855182647705,1.2576876878738403
2024-04-04,1.0838346481323242,1.2651821374893188
2024-04-05,1.0837054252624512,1.26401948928833
2024-04-08,1.0830481052398682,1.2625305652618408
2024-04-09,1.0863661766052246,1.2658709287643433
2024-04-10,1.0859296321868896,1.2677645683288574
2024-04-11,1.074171543121338,1.2537612915039062
2024-04-12,1.0726851224899292,1.2554770708084106
2024-04-15,1.0649627447128296,1.2461835145950315
2024-04-16,1.0625749826431274,1.2447409629821775
2024-04-17,1.0621461868286133,1.2431007623672483
2024-04-18,1.0669398307800293,1.2453765869140625
2024-04-19,1.0644185543060305,1.2437657117843628
2024-04-22,1.065825343132019,1.2375777959823608
2024-04-23,1.065405249595642,1.2350252866744995
2024-04-24,1.0704345703125,1.2453300952911377
2024-04-25,1.0699878931045532,1.2459505796432495
2024-04-26,1.072961449623108,1.2509069442749023
2024-04-29,1.0706866979599,1.2510477304458618
2024-04-30,1.0715701580047607,1.2559815645217896
2024-05-01,1.0666552782058716,1.2490164041519165
2024-05-02,1.0721560716629028,1.2539342641830444
2024-05-03,1.073306918144226,1.2540600299835205
2024-05-06,1.0758124589920044,1.2541072368621826
2024-05-07,1.0767507553100586,1.2559815645217896
2024-05-08,1.0750491619110107,1.25014066696167
2024-05-09,1.0746910572052002,1.2493284940719604
2024-05-10,1.078515887260437,1.2525677680969238
2024-05-13,1.077040672302246,1.2522854804992676
2024-05-14,1.079354166984558,1.2561867237091064
2024-05-15,1.0814552307128906,1.2585265636444092
2024-05-16,1.0889805555343628,1.2690032720565796
2024-05-17,1.0867793560028076,1.2672007083892822
2024-05-20,1.0875475406646729,1.2706480026245115
2024-05-21,1.086082935333252,1.2710840702056885
2024-05-22,1.0855170488357544,1.2711325883865356
2024-05-23,1.0825204849243164,1.2721028327941897
2024-05-24,1.0812681913375854,1.2694060802459717
2024-05-27,1.0847634077072144,1.2736095190048218
2024-05-28,1.0861891508102417,1.2772371768951416
2024-05-29,1.0851871967315674,1.275835633277893
2024-05-30,1.0801819562911987,1.2697993516921997
2024-05-31,1.0835410356521606,1.27304208278656
2024-06-03,1.0853049755096436,1.2743724584579468
2024-06-04,1.0907385349273682,1.2810165882110596
2024-06-05,1.0881866216659546,1.277302384376526
2024-06-06,1.087453007698059,1.2794759273529053
2024-06-07,1.0894432067871094,1.2793285846710205
2024-06-10,1.077888250350952,1.2729448080062866
2024-06-11,1.0764262676239014,1.2726370096206665
2024-06-12,1.07403302192688,1.274047613143921
2024-06-13,1.0813149213790894,1.27962327003479
2024-06-14,1.0738831758499146,1.2755101919174194
2024-06-17,1.0702168941497805,1.2683112621307373
2024-06-18,1.0740677118301392,1.2715997695922852
2024-06-19,1.0742292404174805,1.2707449197769165
2024-06-20,1.0751532316207886,1.2721998691558838
2024-06-21,1.0706409215927124,1.266047120094299
2024-06-24,1.0687757730484009,1.2639029026031494
2024-06-25,1.0732723474502563,1.268343448638916
2024-06-26,1.0709619522094729,1.268399715423584
2024-06-27,1.068010926246643,1.262179970741272
2024-06-28,1.0708472728729248,1.26457417011261
2024-07-01,1.0735257863998413,1.2648621797561646
2024-07-02,1.0737102031707764,1.26457417011261
2024-07-03,1.0748412609100342,1.269035577774048
2024-07-04,1.0793308019638062,1.2747784852981567
2024-07-05,1.0810693502426147,1.2755752801895142
2024-07-08,1.082602620124817,1.2806508541107178
2024-07-09,1.0830950736999512,1.281558394432068
2024-07-10,1.0814785957336426,1.2787723541259766
2024-07-11,1.083329677581787,1.285264492034912
2024-07-12,1.0872756242752075,1.292373776435852
2024-07-15,1.0885539054870603,1.2966804504394531
2024-07-16,1.0901559591293335,1.2970000505447388
2024-07-17,1.0902509689331057,1.29776930809021
2024-07-18,1.094020128250122,1.3007453680038452
2024-07-19,1.0901559591293335,1.2951691150665283
2024-07-22,1.0899182558059692,1.2933096885681152
2024-07-23,1.0889805555343628,1.2932428121566772
2024-07-24,1.0850694179534912,1.2901561260223389
2024-07-25,1.0839520692825315,1.289989709854126
2024-07-26,1.0851283073425293,1.2856775522232056
2024-07-29,1.0853756666183472,1.2868356704711914
2024-07-30,1.081946611404419,1.286041259765625
2024-07-31,1.081607222557068,1.2836971282958984
2024-08-01,1.082391619682312,1.2853139638900757
2024-08-02,1.078760266304016,1.27289617061615
2024-08-05,1.0910836458206177,1.278788685798645
2024-08-06,1.0950982570648191,1.2788705825805664
2024-08-07,1.0926215648651123,1.2684721946716309
2024-08-08,1.0928125381469729,1.2680377960205078
2024-08-09,1.0915720462799072,1.2747459411621094
2024-08-12,1.091381311416626,1.2750385999679563
2024-08-13,1.0936251878738403,1.2771228551864624
2024-08-14,1.0996986627578735,1.2866700887680054
2024-08-15,1.101321578025818,1.2828736305236816
2024-08-16,1.0972732305526731,1.2859420776367188
2024-08-19,1.1024993658065796,1.294716238975525
2024-08-20,1.1086474657058716,1.299038648605347
2024-08-21,1.112792730331421,1.3035430908203125
2024-08-22,1.115536093711853,1.309346079826355
2024-08-23,1.111716389656067,1.3097747564315796
2024-08-26,1.118793487548828,1.3212658166885376
2024-08-27,1.1164700984954834,1.3191741704940796
2024-08-28,1.117793083190918,1.3257501125335691
2024-08-29,1.1124955415725708,1.319365620613098
2024-08-30,1.10804545879364,1.3166210651397705
2024-09-02,1.1044842004776,1.3128528594970703
2024-09-03,1.1067456007003784,1.314198613166809
2024-09-04,1.1048868894577026,1.3114066123962402
2024-09-05,1.10804545879364,1.3144749402999878
2024-09-06,1.1111111640930176,1.317748785018921
2024-09-09,1.1087212562561035,1.3133355379104614
2024-09-10,1.1037527322769165,1.307138204574585
2024-09-11,1.1020983457565308,1.3080273866653442
2024-09-12,1.1010911464691162,1.3039510250091553
2024-09-13,1.1077877283096311,1.313232183456421
2024-09-16,1.1088441610336304,1.3137997388839722
2024-09-17,1.1129536628723145,1.3210737705230713
2024-09-18,1.1123099327087402,1.3167423009872437
2024-09-19,1.1114816665649414,1.3201146125793457
2024-09-20,1.1161960363388062,1.328179955482483
2024-09-23,1.1160838603973389,1.331398367881775
2024-09-24,1.111172795295715,1.334988713264465
2024-09-25,1.1191190481185913,1.3427324295043943
2024-09-26,1.1131023168563845,1.3315792083740234
2024-09-27,1.117717981338501,1.341381549835205
2024-09-30,1.1169815063476562,1.338329792022705
2024-10-01,1.113660216331482,1.3376137018203735
2024-10-02,1.1063904762268066,1.327404260635376
2024-10-03,1.1048502922058103,1.326611876487732
2024-10-04,1.103557825088501,1.3130252361297607
2024-10-07,1.0974539518356323,1.3125253915786743
2024-10-08,1.0975743532180786,1.3084723949432373
2024-10-09,1.0975743532180786,1.309483289718628
2024-10-10,1.0943313837051392,1.306830883026123
2024-10-11,1.0933860540390017,1.3062163591384888
2024-10-14,1.0925379991531372,1.3049037456512451
2024-10-15,1.0909169912338257,1.3067454099655151
2024-10-16,1.0884116888046265,1.3065917491912842
2024-10-17,1.0862481594085691,1.29902184009552
2024-10-18,1.0829542875289917,1.301574945449829
2024-10-21,1.0868619680404663,1.3052616119384766
2024-10-22,1.0817828178405762,1.298296570777893
2024-10-23,1.079727053642273,1.2982797622680664
2024-10-24,1.0780508518218994,1.291372299194336
2024-10-25,1.0824151039123535,1.2973365783691406
2024-10-28,1.0796570777893066,1.295823574066162
2024-10-29,1.0816774368286133,1.2974711656570437
2024-10-30,1.0820636749267578,1.3014055490493774
2024-10-31,1.085917830467224,1.2959579229354858
2024-11-01,1.0886130332946775,1.2897733449935913
2024-11-04,1.087453007698059,1.2953401803970337
2024-11-05,1.0874056816101074,1.2954542636871338
2024-11-06,1.093445897102356,1.3043591976165771
2024-11-07,1.073306918144226,1.2883278131484983
2024-11-08,1.0795172452926636,1.2982292175292969
2024-11-11,1.0714898109436035,1.2917059659957886
2024-11-12,1.066439151763916,1.2874983549118042
2024-11-13,1.061672568321228,1.2739177942276
2024-11-14,1.0564124584197998,1.27068030834198
2024-11-15,1.0530084371566772,1.266784906387329
2024-11-18,1.0533745288848877,1.261765956878662
2024-11-19,1.059490442276001,1.2679253816604614
2024-11-20,1.0607603788375854,1.2694543600082395
2024-11-21,1.0546187162399292,1.2655344009399414
2024-11-22,1.0469341278076172,1.2584789991378784
2024-11-25,1.0479873418807983,1.2593823671340942
2024-11-26,1.0444300174713137,1.2533055543899536
2024-11-27,1.0491198301315308,1.2573871612548828
2024-11-28,1.0562450885772705,1.2677645683288574
2024-11-29,1.0563008785247805,1.2696800231933594
2024-12-02,1.0545074939727783,1.270163893699646
2024-12-03,1.0501223802566528,1.265854835510254
2024-12-04,1.0510826110839844,1.2674272060394287
2024-12-05,1.051414132118225,1.2701154947280884
2024-12-06,1.058559536933899,1.2759333848953247
2024-12-09,1.056546330451965,1.2749296426773071
2024-12-10,1.0555204153060913,1.2749085426330566
2024-12-11,1.0532968044281006,1.2780042886734009
2024-12-12,1.0506850481033323,1.2766337394714355
2024-12-13,1.0474056005477903,1.2677323818206787
2024-12-16,1.051005244255066,1.2627378702163696
2024-12-17,1.0517348051071167,1.269035577774048
2024-12-18,1.0495051145553589,1.2710840702056885
2024-12-19,1.0350252389907837,1.2567708492279053
2024-12-20,1.0364949703216553,1.2497968673706057
2024-12-23,1.0433076620101929,1.256991982460022
2024-12-24,1.0405826568603516,1.2534469366073608
2024-12-25,1.0402579307556152,1.2536041736602783
2024-12-26,1.0399551391601562,1.254374623298645
2024-12-27,1.0423181056976318,1.2529758214950562
2024-12-30,1.0429377555847168,1.257880687713623
2024-12-31,1.040615200996399,1.254909873008728
