Date,EURUSD_Close,NZDUSD_Close,Residual
2020-01-01,1.1220825910568235,0.6785798072814941,-0.026817019927873886
2020-01-02,1.1220825910568235,0.6737182140350342,-0.021349487111548715
2020-01-03,1.1171437501907349,0.6700212359428406,-0.022130565693632587
2020-01-06,1.1161960363388062,0.665530800819397,-0.018028165282117925
2020-01-07,1.1197994947433472,0.6669512391090393,-0.016022185845575798
2020-01-08,1.1154738664627075,0.6631211638450623,-0.01604036569662104
2020-01-09,1.1113210916519165,0.6654289960861206,-0.02278861649087638
2020-01-10,1.1111111640930176,0.6607987880706787,-0.017791235871684963
2020-01-13,1.111666917800903,0.6637682318687439,-0.020575031687811274
2020-01-14,1.1135733127593994,0.6626817584037781,-0.017446747315162048
2020-01-15,1.113089919090271,0.660969078540802,-0.016003996019057
2020-01-16,1.1154004335403442,0.6619185209274292,-0.01476126061649552
2020-01-17,1.1139578819274902,0.6638211011886597,-0.018343526410815603
2020-01-20,1.1094592809677124,0.6619710922241211,-0.020761536870457453
2020-01-21,1.109693169593811,0.6608904600143433,-0.01931232812813133
2020-01-22,1.108561396598816,0.6595305800437927,-0.01891472834586616
2020-01-23,1.1096439361572266,0.659639298915863,-0.017954458169253673
2020-01-24,1.1055220365524292,0.6614719033241272,-0.024137374447715132
2020-01-27,1.102535843849182,0.6572720408439636,-0.02240024194248913
2020-01-28,1.101976990699768,0.6545788049697876,-0.019930179512656743
2020-01-29,1.1022562980651855,0.6540094017982483,-0.01901049966680235
2020-01-30,1.1016855239868164,0.6527202129364014,-0.018131402879540737
2020-01-31,1.1029127836227417,0.6485421061515808,-0.012205285318232395
2020-02-03,1.1089794635772705,0.6459489464759827,-0.0032222392866714245
2020-02-04,1.1062926054000854,0.6461117267608643,-0.00609216636829224
2020-02-05,1.1047282218933103,0.6493801474571228,-0.011332340199023738
2020-02-06,1.100231051445007,0.6481889486312866,-0.014489843106080036
2020-02-07,1.0982975959777832,0.6463000178337097,-0.014298935098215004
2020-02-10,1.0949305295944214,0.6399590373039246,-0.010534693415126917
2020-02-11,1.0913456678390503,0.6388592720031738,-0.012882717251881726
2020-02-12,1.091941475868225,0.6406519412994385,-0.014303013349328708
2020-02-13,1.0875948667526243,0.6447120904922485,-0.023215820792408026
2020-02-14,1.0845986604690552,0.6443091630935669,-0.025758879586418537
2020-02-17,1.0841753482818604,0.6446580290794373,-0.026574539740534142
2020-02-18,1.0840108394622805,0.6438984274864197,-0.025884771695183106
2020-02-19,1.079540491104126,0.6394516229629517,-0.02535407442337889
2020-02-20,1.081009864807129,0.6389816999435425,-0.023356207405630602
2020-02-21,1.078799843788147,0.6332480907440186,-0.01911799327511532
2020-02-24,1.0839051008224487,0.6323310732841492,-0.012981423500153966
2020-02-25,1.0849199295043943,0.6344292163848877,-0.01432624641287572
2020-02-26,1.0881996154785156,0.6321592330932617,-0.008493650824501486
2020-02-27,1.088589429855347,0.6286817193031311,-0.004192892071439802
2020-02-28,1.0997228622436523,0.6311696767807007,0.004142488636145858
2020-03-02,1.1051311492919922,0.6229403614997864,0.018805776889501802
2020-03-03,1.114404797554016,0.6265585422515869,0.02401028135586336
2020-03-04,1.118067979812622,0.6269199252128601,0.027267038580565117
2020-03-05,1.113908290863037,0.6300284266471863,0.019611410596148682
2020-03-06,1.1223849058151243,0.6313091516494751,0.02664767346123198
2020-03-09,1.1386020183563232,0.6329394578933716,0.0410312815446785
2020-03-10,1.139796018600464,0.6341515779495239,0.04086208543561454
2020-03-11,1.1316505670547483,0.6268099546432495,0.040973302911187615
2020-03-12,1.1261515617370603,0.6264290809631348,0.03590264263170684
2020-03-13,1.1184931993484497,0.6114487648010254,0.04509171400874479
2020-03-16,1.115536093711853,0.6050997972488403,0.04927489894800674
2020-03-17,1.1163206100463867,0.6044706702232361,0.050766955482583365
2020-03-18,1.101552128791809,0.5949299931526184,0.046728282817308564
2020-03-19,1.0961546897888184,0.5730692148208618,0.06591630723339836
2020-03-20,1.0657345056533811,0.5684757828712463,0.04066207151258139
2020-03-23,1.0694386959075928,0.5626100301742554,0.05096311052344271
2020-03-24,1.0764610767364502,0.574418842792511,0.044704851191965655
2020-03-25,1.080263614654541,0.5829713940620422,0.03888886440860895
2020-03-26,1.0889569520950315,0.5812196135520935,0.04955232089024242
2020-03-27,1.1048258543014526,0.5979001522064209,0.04666165439911274
2020-03-30,1.113908290863037,0.6058292984962463,0.04682667122867179
2020-03-31,1.1030466556549072,0.6009796261787415,0.04141916210640684
2020-04-01,1.102657437324524,0.5951389074325562,0.047598638398706594
2020-04-02,1.0953621864318848,0.5936902165412903,0.041932640425256906
2020-04-03,1.0847399234771729,0.5914394855499268,0.03384163521510475
2020-04-06,1.0806955099105835,0.5854012370109558,0.03658806579492557
2020-04-07,1.0803803205490112,0.5950610041618347,0.025409134606751982
2020-04-08,1.0895144939422607,0.5962993502616882,0.03315061683978415
2020-04-09,1.0863661766052246,0.6016702651977539,0.023961964127505953
2020-04-10,1.0927408933639526,0.6077216863632202,0.023531022302664795
2020-04-13,1.0932666063308716,0.6075407862663269,0.024260182404319153
2020-04-14,1.0922993421554563,0.6102696061134338,0.020223983559233494
2020-04-15,1.098538875579834,0.6101199388504028,0.026631838484540316
2020-04-16,1.0905101299285889,0.5995994806289673,0.030434800599131284
2020-04-17,1.0858471393585205,0.5998692512512207,0.02546841571874614
2020-04-20,1.0866966247558594,0.601550817489624,0.02442674771735298
2020-04-21,1.0864840745925903,0.6045108437538147,0.02088523934713571
2020-04-22,1.0856467485427856,0.5964096188545227,0.02915885918355121
2020-04-23,1.080964207649231,0.5924205780029297,0.028962545470278878
2020-04-24,1.077702283859253,0.6005717515945435,0.016533501593452016
2020-04-27,1.08236825466156,0.6021702289581299,0.019401763908335923
2020-04-28,1.0824854373931885,0.6024604439735413,0.019192559786907815
2020-04-29,1.0836584568023682,0.607810378074646,0.014348839666455504
2020-04-30,1.087725043296814,0.6142000555992126,0.011229351600520854
2020-05-01,1.094546914100647,0.6120288372039795,0.02049305725674322
2020-05-04,1.0959625244140625,0.6016412973403931,0.033590890291362197
2020-05-05,1.0904293060302734,0.605029821395874,0.024246808774229134
2020-05-06,1.0838581323623655,0.6053100228309631,0.01736050990685145
2020-05-07,1.0798553228378296,0.6006998419761658,0.018542485253232766
2020-05-08,1.0837171077728271,0.6095698475837708,0.012428724254624601
2020-05-11,1.0839520692825315,0.6143185496330261,0.007323114685463095
2020-05-12,1.080940842628479,0.6077697277069092,0.0116769424434362
2020-05-13,1.0846810340881348,0.6069986820220947,0.016284281229264952
2020-05-14,1.08236825466156,0.5999088287353516,0.02194502067665738
2020-05-15,1.0806955099105835,0.6013012528419495,0.018706302774263772
2020-05-18,1.0821340084075928,0.5936691164970398,0.028728192313879797
2020-05-19,1.0915124416351318,0.6040598750114441,0.026420783002990778
2020-05-20,1.0927767753601074,0.6086501479148865,0.022522721096918108
2020-05-21,1.0982975959777832,0.614809513092041,0.021116485186706724
2020-05-22,1.0952903032302856,0.6123398542404175,0.020886664788672293
2020-05-25,1.0907801389694214,0.6105006337165833,0.018444957936877504
2020-05-26,1.0902997255325315,0.6106609106063843,0.01778429100894874
2020-05-27,1.0981770753860474,0.6198398470878601,0.015338659508979946
2020-05-28,1.1016855239868164,0.618739128112793,0.020085018566802004
2020-05-29,1.1079105138778689,0.6199781894683838,0.024916512893809584
2020-06-01,1.1118524074554443,0.6199012994766235,0.02894487988285399
2020-06-02,1.1125946044921875,0.6281801462173462,0.02037637074951837
2020-06-03,1.118943691253662,0.6385492086410522,0.015064015222002958
2020-06-04,1.1235954761505127,0.6428387761116028,0.014891589263666516
2020-06-05,1.1337867975234983,0.6463789939880371,0.02110144685820048
2020-06-08,1.1319515705108645,0.6537613868713379,0.010963699806103566
2020-06-09,1.1305567026138306,0.6567497253417969,0.006208032717278211
2020-06-10,1.1332215070724487,0.6497303247451782,0.016767122272842716
2020-06-11,1.1365444660186768,0.6510586142539978,0.018596236277530487
2020-06-12,1.1288082599639893,0.6413010954856873,0.021833707239218958
2020-06-15,1.1252011060714722,0.6417208313941956,0.017754502367194114
2020-06-16,1.1337740421295166,0.6499203443527222,0.017105954046373384
2020-06-17,1.1265701055526731,0.6460198760032654,0.01428863264249225
2020-06-18,1.1242902278900146,0.6446402072906494,0.013560382929658221
2020-06-19,1.1211000680923462,0.642937958240509,0.01228463720807027
2020-06-22,1.1177555322647097,0.6402007341384888,0.012018487795078636
2020-06-23,1.1279679536819458,0.649599552154541,0.011660640715489556
2020-06-24,1.1312345266342163,0.6500301957130432,0.014442895529881206
2020-06-25,1.1250872611999512,0.6404016613960266,0.019124246288411584
2020-06-26,1.1222084760665894,0.6430785655975342,0.013234912796534104
2020-06-29,1.1225864887237549,0.6419391632080078,0.014894340751096191
2020-06-30,1.1247202157974243,0.6427395939826965,0.0161278729080081
2020-07-01,1.1235954761505127,0.6451113224029541,0.012335797202364773
2020-07-02,1.1251378059387207,0.6479201316833496,0.010719233159513397
2020-07-03,1.1237848997116089,0.65091872215271,0.005993997952414398
2020-07-06,1.1247202157974243,0.6538383364677429,0.0036458046475420502
2020-07-07,1.1312856674194336,0.6558882594108582,0.007905834899595732
2020-07-08,1.1275228261947632,0.6549388766288757,0.005210705688784678
2020-07-09,1.1339154243469238,0.6574016809463501,0.008833540361496972
2020-07-10,1.128795504570007,0.6569395661354065,0.00423333249087432
2020-07-13,1.1310042142868042,0.6574997901916504,0.005811992909688701
2020-07-14,1.134549617767334,0.6538383364677429,0.013475206617451718
2020-07-15,1.1410704851150513,0.654360294342041,0.019409060271964318
2020-07-16,1.1417193412780762,0.6573001742362976,0.01675161560251892
2020-07-17,1.139211654663086,0.6542105078697205,0.017718685388232736
2020-07-20,1.1442956924438477,0.6562497615814209,0.02050930082280078
2020-07-21,1.1458691358566284,0.6581414937973022,0.019955230178834382
2020-07-22,1.15340256690979,0.6646903157234192,0.020123606819970385
2020-07-23,1.1568717956542969,0.6657390594482422,0.022413378452231125
2020-07-24,1.1596084833145142,0.663561224937439,0.02759934170024314
2020-07-27,1.1652567386627195,0.6644695401191711,0.03222607122102494
2020-07-28,1.1769275665283203,0.6688382029533386,0.03898373457483428
2020-07-29,1.171879529953003,0.6660600900650024,0.037060069499641024
2020-07-30,1.1782865524291992,0.6656593084335327,0.04391782625391283
2020-07-31,1.1872254610061646,0.6696891784667969,0.048324589598769174
2020-08-03,1.1782310009002686,0.6637109518051147,0.04605347075141597
2020-08-04,1.1763322353363037,0.6615402102470398,0.0465960037706219
2020-08-05,1.181544303894043,0.664548933506012,0.0484243476274826
2020-08-06,1.187281847000122,0.664818525314331,0.05385869752420169
2020-08-07,1.1876484155654907,0.6684491634368896,0.05014211226057719
2020-08-10,1.178272724151611,0.6601095795631409,0.050145434308471515
2020-08-11,1.1737778186798096,0.6593479514122009,0.04650708484577937
2020-08-12,1.1736538410186768,0.6569395661354065,0.049091668939543975
2020-08-13,1.179380178451538,0.6576480865478516,0.05402117734749634
2020-08-14,1.1816558837890625,0.6547288298606873,0.05957998987379476
2020-08-17,1.1852554082870483,0.6543817520141602,0.06356985132913273
2020-08-18,1.1876484155654907,0.6554712057113647,0.06473761751080698
2020-08-19,1.1947859525680542,0.6610389947891235,0.06561340698457618
2020-08-20,1.1843500137329102,0.6561594009399414,0.0606652451287526
2020-08-21,1.1873664855957031,0.6542105078697205,0.06587351632084992
2020-08-24,1.1798018217086792,0.6538811326026917,0.05867928039644443
2020-08-25,1.1794538497924805,0.6529998183250427,0.05932246806317654
2020-08-26,1.183501958847046,0.6552993655204773,0.060784418811947516
2020-08-27,1.1842728853225708,0.6633411049842834,0.05251129898624951
2020-08-28,1.1819632053375244,0.6645312905311584,0.048863091032045336
2020-08-31,1.1918240785598757,0.6745316982269287,0.04747712510489177
2020-09-01,1.193901538848877,0.6732601523399353,0.050984614298442255
2020-09-02,1.1923214197158811,0.6768602132797241,0.04535572960008394
2020-09-03,1.184735894203186,0.6767502427101135,0.037893881175885324
2020-09-04,1.1839784383773804,0.6689102053642273,0.045953629771914084
2020-09-07,1.183445930480957,0.6712896227836609,0.04274513847561234
2020-09-08,1.182172775268555,0.6691021919250488,0.04393205126902555
2020-09-09,1.177024483680725,0.6612619757652283,0.04760116520398716
2020-09-10,1.1806375980377195,0.6682080030441284,0.043402512890018174
2020-09-11,1.1824384927749634,0.6646991968154907,0.049149544670950895
2020-09-14,1.1842728853225708,0.6685296297073364,0.046676086587050136
2020-09-15,1.187000036239624,0.6699718832969666,0.04778122421936226
2020-09-16,1.1844412088394165,0.6710913777351379,0.04396337076162671
2020-09-17,1.1803449392318726,0.6721695065498352,0.03865459645125213
2020-09-18,1.1848200559616089,0.6762696504592896,0.03851853527281568
2020-09-21,1.1845533847808838,0.6758995056152344,0.03866814307288324
2020-09-22,1.176800012588501,0.6666000485420227,0.0413732942789391
2020-09-23,1.1708368062973022,0.6632398962974548,0.03918904310258897
2020-09-24,1.1658544540405271,0.6545187830924988,0.044014786715970144
2020-09-25,1.1673243045806885,0.6549903750419617,0.04495426699912164
2020-09-28,1.1635348796844482,0.6551792025566101,0.04095247949238989
2020-09-29,1.167883276939392,0.6568015217781067,0.04347635479898959
2020-09-30,1.1742050647735596,0.6600921154022217,0.04609741579054427
2020-10-01,1.1726078987121582,0.6622779369354248,0.04204199163193989
2020-10-02,1.1744946241378784,0.6651412844657898,0.04070848743474498
2020-10-05,1.1720443964004517,0.6639797687530518,0.03956454447971902
2020-10-06,1.1792453527450562,0.6653802394866943,0.04519047812984578
2020-10-07,1.1737639904022217,0.6590003371238708,0.04688419682841438
2020-10-08,1.176747441291809,0.6574103236198425,0.05165583742679836
2020-10-09,1.1767003536224363,0.6589394807815552,0.04988900140762875
2020-10-12,1.181683897972107,0.6664400696754456,0.04643709798532236
2020-10-13,1.1816140413284302,0.6649290323257446,0.04806661146114255
2020-10-14,1.1742188930511477,0.6655396819114685,0.039984703416030554
2020-10-15,1.1743981838226318,0.665619432926178,0.04007430316073535
2020-10-16,1.1707134246826172,0.6598917841911316,0.042831075804987684
2020-10-19,1.171550154685974,0.6617783308029175,0.04154612367934729
2020-10-20,1.176885962486267,0.6593087911605835,0.04965926976179924
2020-10-21,1.1829839944839478,0.6580809354782104,0.0571381949968921
2020-10-22,1.1853959560394287,0.6646196842193604,0.052196430827586404
2020-10-23,1.1815024614334106,0.667159914970398,0.04544609602778005
2020-10-26,1.184848070144653,0.6684402823448181,0.04735175485393239
2020-10-27,1.180944323539734,0.6678001284599304,0.044167949674732254
2020-10-28,1.1784114837646484,0.6700795888900757,0.03907154193467788
2020-10-29,1.1748672723770142,0.6649687886238098,0.041275131063641446
2020-10-30,1.1678695678710938,0.6629716753959656,0.03652345611173757
2020-11-02,1.1642121076583862,0.6598482728004456,0.036378693346936775
2020-11-03,1.1642799377441406,0.6632398962974548,0.03263217454942735
2020-11-04,1.176221489906311,0.6729022264480591,0.03370710243794717
2020-11-05,1.17326819896698,0.6700077652931213,0.03400903268803268
2020-11-06,1.1817537546157837,0.6764892935752869,0.03520521491825912
2020-11-09,1.1893010139465332,0.6797495484352112,0.03908586753541754
2020-11-10,1.182732105255127,0.6825193166732788,0.02940197205520967
2020-11-11,1.1818794012069702,0.6828222870826721,0.028208535952404024
2020-11-12,1.1780297756195068,0.6902502179145813,0.016005176615119243
2020-11-13,1.1803393363952637,0.6839009523391724,0.02545536313499608
2020-11-16,1.1845253705978394,0.6871482729911804,0.025989336926529827
2020-11-17,1.1859441995620728,0.690808117389679,0.02329216557214231
2020-11-18,1.186366319656372,0.6893000602722168,0.02541030410332379
2020-11-19,1.1847639083862305,0.6922091841697693,0.020536181365299555
2020-11-20,1.1866477727890017,0.6906601786613464,0.024162116324083938
2020-11-23,1.1866477727890017,0.6946905255317688,0.019629434822756364
2020-11-24,1.1842728853225708,0.6931111812591553,0.01903073804136013
2020-11-25,1.1900511980056765,0.6979097723960876,0.019412372478623485
2020-11-26,1.1920002698898315,0.7004076242446899,0.018552265095776566
2020-11-27,1.191599726676941,0.7003389596939087,0.01822894465033742
2020-11-30,1.1971460580825806,0.7035019993782043,0.02021800122928985
2020-12-01,1.193816065788269,0.7018824815750122,0.018709380301664247
2020-12-02,1.2074378728866575,0.7069985866546631,0.02657742088839976
2020-12-03,1.2114603519439695,0.7071500420570374,0.030429567435213523
2020-12-04,1.2145650386810305,0.7073386311531067,0.033322159696392406
2020-12-07,1.212135910987854,0.7041400671005249,0.034490258886674896
2020-12-08,1.2113136053085327,0.7040518522262573,0.03376716301275984
2020-12-09,1.2110936641693115,0.7040716409683228,0.03352496670097471
2020-12-10,1.207875370979309,0.7016411423683167,0.03304010475087327
2020-12-11,1.2144293785095217,0.70940101146698,0.030867068121596786
2020-12-14,1.213340401649475,0.7098491191864014,0.029274132263547248
2020-12-15,1.214889645576477,0.7085816264152527,0.03224884680674189
2020-12-16,1.2154301404953003,0.7086820602416992,0.03267639002143685
2020-12-17,1.2199585437774658,0.7110403180122375,0.034552606850291046
2020-12-18,1.226271629333496,0.7147911787033081,0.03664733170063572
2020-12-21,1.221612811088562,0.7104896903038025,0.03682613104134891
2020-12-22,1.223690629005432,0.7096678018569946,0.03982827598980543
2020-12-23,1.2186651229858398,0.7054275274276733,0.03957154399494689
2020-12-24,1.2191405296325684,0.709679901599884,0.03526456878552464
2020-12-25,1.2184720039367676,0.713749885559082,0.030018784209615568
2020-12-28,1.2205095291137695,0.7115614414215088,0.03451751696452199
2020-12-29,1.2223445177078247,0.7107997536659241,0.03720912860133896
2020-12-30,1.225295066833496,0.7148601412773132,0.035593211264922875
2020-12-31,1.2299896478652954,0.7215397357940674,0.0327756660515468
2021-01-01,1.218026876449585,0.7181999087333679,0.02456899127525025
2021-01-04,1.2250697612762451,0.7198387980461121,0.029768718798226512
2021-01-05,1.2251598834991455,0.7178286910057068,0.032119483911345004
2021-01-06,1.230027437210083,0.7256894111633301,0.028146572523099156
2021-01-07,1.2341108322143557,0.7305775880813599,0.026732537702120363
2021-01-08,1.227144479751587,0.7265488505363464,0.024297056832066843
2021-01-11,1.218620538711548,0.7199320793151855,0.02321458856767733
2021-01-12,1.2160701751708984,0.7174013257026672,0.023510406870100198
2021-01-13,1.220889449119568,0.7229298949241638,0.02211204143319012
2021-01-14,1.2162491083145142,0.7190313339233398,0.021856170724224855
2021-01-15,1.2151259183883667,0.7217714786529541,0.01765130973446971
2021-01-18,1.2068113088607788,0.7122507095336914,0.02004411955631591
2021-01-19,1.207729458808899,0.7115817070007324,0.021714655217869083
2021-01-20,1.213886857032776,0.7128803133964539,0.02641159125905168
2021-01-21,1.2115631103515625,0.7186385989189148,0.01761185749628824
2021-01-22,1.2166293859481812,0.7216001749038696,0.019347432010998755
2021-01-25,1.216944694519043,0.7183701395988464,0.02329536123373499
2021-01-26,1.214624047279358,0.719990074634552,0.019152873391798053
2021-01-27,1.216299295425415,0.7236900925636292,0.016666940537582775
2021-01-28,1.2105072736740112,0.7142704129219055,0.02146864906130963
2021-01-29,1.2120037078857422,0.717442512512207,0.01939761933120354
2021-02-01,1.2123857736587524,0.7163375020027161,0.021022421984232542
2021-02-02,1.2068694829940796,0.7165479063987732,0.015269502526935153
2021-02-03,1.203905463218689,0.7196678519248962,0.008796673255471177
2021-02-04,1.2042388916015625,0.7219695448875427,0.006541530121067396
2021-02-05,1.1966731548309326,0.7160297632217407,0.005655897903245721
2021-02-08,1.2048773765563965,0.7211625576019287,0.008087583694412315
2021-02-09,1.2053595781326294,0.7226702570915222,0.006874169035677058
2021-02-10,1.2119992971420288,0.7243799567222595,0.011591094762458232
2021-02-11,1.2121212482452393,0.7218199968338013,0.01459207419836872
2021-02-12,1.2131506204605105,0.7231180667877197,0.014161587533816578
2021-02-15,1.2122093439102173,0.7219487428665161,0.014535377174375474
2021-02-16,1.2132196426391602,0.723358690738678,0.013959994858124603
2021-02-17,1.2092483043670654,0.718989908695221,0.014901955165125713
2021-02-18,1.2048004865646362,0.719398558139801,0.009994554642517084
2021-02-19,1.209189772605896,0.721870481967926,0.011603821055526264
2021-02-22,1.2126356363296509,0.7312721014022827,0.0044762657007977324
2021-02-23,1.2166796922683716,0.7329819798469543,0.006597327255943197
2021-02-24,1.215214490890503,0.7338700890541077,0.004133324458781118
2021-02-25,1.2171372175216677,0.7445295453071594,-0.005931979153057432
2021-02-26,1.2160420417785645,0.7365506291389465,0.00194623793553661
2021-03-01,1.208956003189087,0.7271193265914917,0.005467001183388609
2021-03-02,1.2051095962524414,0.7274197936058044,0.001282677605490834
2021-03-03,1.208546757698059,0.7292988300323486,0.002606603162301546
2021-03-04,1.2050660848617554,0.7231912612915039,0.0059947346100348575
2021-03-05,1.1967735290527344,0.7178286910057068,0.003733129464933871
2021-03-08,1.1925631761550903,0.7178596258163452,-0.0005120138982546152
2021-03-09,1.185171127319336,0.7132616639137268,-0.0027330197618136154
2021-03-10,1.1897906064987185,0.7179575562477112,-0.0033947198453578853
2021-03-11,1.1926058530807495,0.7192174792289734,-0.001996430605677446
2021-03-12,1.1986095905303955,0.7227522134780884,3.201016152853953e-05
2021-03-15,1.1950000524520874,0.7187315821647644,0.0009442270992225943
2021-03-16,1.1925773620605469,0.720352053642273,-0.0033009071974405835
2021-03-17,1.190164566040039,0.7193002700805664,-0.004530827389434888
2021-03-18,1.1982792615890503,0.7251210808753967,-0.002962437223237968
2021-03-19,1.1918240785598757,0.7168099284172058,-7.058184278641022e-05
2021-03-22,1.1883116960525513,0.7152001261711121,-0.0017725194687501222
2021-03-23,1.193303108215332,0.7133176326751709,0.005336016534671195
2021-03-24,1.1840205192565918,0.6990220546722412,0.012130778743939086
2021-03-25,1.1813069581985474,0.6969515085220337,0.011745832699546543
2021-03-26,1.1776621341705322,0.6967815160751343,0.008292188647895493
2021-03-29,1.1788004636764526,0.6994082927703857,0.006476345096885883
2021-03-30,1.177100658416748,0.7009722590446472,0.0030176438344402534
2021-03-31,1.1723604202270508,0.6992420554161072,0.00022325850375315426
2021-04-01,1.1728830337524414,0.6983581781387329,0.0017399140591236595
2021-04-02,1.177994966506958,0.7024997472763062,0.0021940805171181132
2021-04-05,1.176816701889038,0.7031112313270569,0.0003281176602363267
2021-04-06,1.1818934679031372,0.7066688537597656,0.001403846069411685
2021-04-07,1.1874228715896606,0.7063693404197693,0.007270093858750659
2021-04-08,1.1873664855957031,0.7013409733772278,0.012868800840257988
2021-04-09,1.1915684938430786,0.7061498761177063,0.011662534019942772
2021-04-12,1.1900511980056765,0.703982412815094,0.012582849914835048
2021-04-13,1.1914690732955933,0.7032397985458374,0.014835897478777005
2021-04-14,1.1954143047332764,0.706119954586029,0.015541995803596054
2021-04-15,1.1986095905303955,0.7140001058578491,0.009874963530881686
2021-04-16,1.1971746683120728,0.7175711989402771,0.004423854102215019
2021-04-19,1.1969454288482666,0.7127177715301514,0.009652963844368756
2021-04-20,1.204529047012329,0.7190881967544556,0.01007215931774419
2021-04-21,1.2032392024993896,0.7165479063987732,0.011639222032245211
2021-04-22,1.2037750482559204,0.7204403877258301,0.00779743512522213
2021-04-23,1.2014753818511963,0.7154299020767212,0.011132751600272384
2021-04-26,1.2089852094650269,0.7191709280014038,0.014435279061047357
2021-04-27,1.2081671953201294,0.7230082750320435,0.009301638380974975
2021-04-28,1.2090305089950562,0.7204195857048035,0.013076290609010943
2021-04-29,1.213592290878296,0.727300226688385,0.009899841737862403
2021-04-30,1.2127091884613037,0.7247374653816223,0.011898918235228262
2021-05-03,1.2027760744094849,0.7169898152351379,0.01067910644417669
2021-05-04,1.2061271667480469,0.7198076248168945,0.010861182870181896
2021-05-05,1.2015043497085571,0.7162697911262512,0.010217148263051978
2021-05-06,1.2007973194122314,0.7219278216362,0.0031468814883472973
2021-05-07,1.2068549394607544,0.7232906818389893,0.007671777076994957
2021-05-10,1.2171076536178589,0.7296074628829956,0.010820398830483802
2021-05-11,1.2140932083129885,0.7271299362182617,0.010592274317180461
2021-05-12,1.2144500017166138,0.7262691855430603,0.011917100693692673
2021-05-13,1.2078505754470823,0.7164093852043152,0.01640638118788673
2021-05-14,1.207729458808899,0.7182979583740234,0.014161303276528203
2021-05-17,1.2150373458862305,0.7243909239768982,0.014616809314636381
2021-05-18,1.215687274932861,0.7219122052192688,0.018054399825879974
2021-05-19,1.2223997116088867,0.7237984538078308,0.022645489541170294
2021-05-20,1.217285394668579,0.7163118720054626,0.025950867464549
2021-05-21,1.222538709640503,0.7196574807167053,0.027441583532785696
2021-05-24,1.2183235883712769,0.7173189520835876,0.025856460577959428
2021-05-25,1.2214635610580444,0.7214798927307129,0.024316881031206883
2021-05-26,1.2249093055725098,0.7224389910697937,0.026683987046487445
2021-05-27,1.21925950050354,0.7278285026550293,0.01497293210275763
2021-05-28,1.2193188667297363,0.7284275889396667,0.014358543089670883
2021-05-31,1.2190067768096924,0.7242912650108337,0.018698320504746624
2021-06-01,1.223286509513855,0.7277278900146484,0.01911309391815763
2021-06-02,1.2217769622802734,0.7253314852714539,0.02029863467536064
2021-06-03,1.220986247062683,0.7233482599258423,0.021738330170800513
2021-06-04,1.213300704956055,0.7148601412773132,0.02359884938748169
2021-06-07,1.2168411016464231,0.7209701538085938,0.02026769341406842
2021-06-08,1.2193634510040283,0.7225485444068909,0.021014924625075704
2021-06-09,1.217285394668579,0.7190313339233398,0.022892457078289796
2021-06-10,1.218200445175171,0.7171800136566162,0.0258895728253683
2021-06-11,1.2172558307647705,0.7189486026763916,0.02295593588387579
2021-06-14,1.2110203504562378,0.7138981223106384,0.022400418035811942
2021-06-15,1.212224006652832,0.7143775820732117,0.023064855533292405
2021-06-16,1.2127091884613037,0.7122507095336914,0.02594199915684081
2021-06-17,1.1995586156845093,0.7071185111999512,0.018563291977820917
2021-06-18,1.1913414001464844,0.7015377879142761,0.01662237027113944
2021-06-21,1.1873664855957031,0.6949077248573303,0.020103877000470893
2021-06-22,1.1912561655044556,0.6986313462257385,0.01980583058263985
2021-06-23,1.1936734914779663,0.7017987370491028,0.018660988272845014
2021-06-24,1.193317413330078,0.7045577764511108,0.015201989393569315
2021-06-25,1.1930327415466309,0.7063194513320923,0.012936070982697334
2021-06-28,1.1942152976989746,0.70689857006073,0.013467328169278758
2021-06-29,1.1928904056549072,0.7048904895782471,0.014400799871251202
2021-06-30,1.1901928186416626,0.6989800930023193,0.018350269820230247
2021-07-01,1.1856770515441897,0.6996676325798035,0.013061269543458875
2021-07-02,1.1846235990524292,0.6963691115379333,0.015717459370067077
2021-07-05,1.1856207847595217,0.7025876045227051,0.009721091166189355
2021-07-06,1.186380386352539,0.7052086591720581,0.007532954932897518
2021-07-07,1.1824523210525513,0.7017691731452942,0.007473066538971729
2021-07-08,1.17933988571167,0.7013409733772278,0.004842200956224785
2021-07-09,1.184800386428833,0.6949077248573303,0.017537777833600776
2021-07-12,1.187295913696289,0.7006186246871948,0.01361060977308659
2021-07-13,1.186521053314209,0.6986606121063232,0.015037804869113103
2021-07-14,1.1775373220443726,0.6944106817245483,0.010833707075683208
2021-07-15,1.1833338737487793,0.7038784027099609,0.005982499381204098
2021-07-16,1.1811814308166504,0.7011492252349854,0.006899393320659364
2021-07-19,1.1814005374908447,0.6994816660881042,0.008993900485294581
2021-07-20,1.1793843507766724,0.693600058555603,0.013592393479284315
2021-07-21,1.1784114837646484,0.6923816800117493,0.013989761353956798
2021-07-22,1.179273009300232,0.696097731590271,0.010672073836798912
2021-07-23,1.177273869514465,0.69810950756073,0.006410414218549487
2021-07-26,1.177343249320984,0.6983678936958313,0.006189203142341171
2021-07-27,1.1807769536972046,0.7004797458648682,0.007247838183864763
2021-07-28,1.1823126077651978,0.6963497400283813,0.01342825401983383
2021-07-29,1.1845955848693848,0.6960588693618774,0.016038355347252287
2021-07-30,1.189299702644348,0.7011098861694336,0.015061907358876025
2021-08-02,1.186704158782959,0.6974901556968689,0.01653725016810892
2021-08-03,1.1874650716781616,0.6987192630767822,0.01591586211920104
2021-08-04,1.1869436502456665,0.7045776844024658,0.008805837069289169
2021-08-05,1.1837401390075684,0.7044088840484619,0.005792165134509197
2021-08-06,1.1835720539093018,0.7048507928848267,0.005127092538078859
2021-08-09,1.1749500036239624,0.6993300318717957,0.0027139002298675052
2021-08-10,1.17384672164917,0.6991980075836182,0.0017590977949231146
2021-08-11,1.172333002090454,0.7006480693817139,-0.0013854164569853111
2021-08-12,1.1741899251937866,0.7041807174682617,-0.003501443858262121
2021-08-13,1.173626184463501,0.7005204558372498,5.1284965639109004e-05
2021-08-16,1.179467797279358,0.703982412815094,0.0019994491885164667
2021-08-17,1.177994966506958,0.7028493285179138,0.0018009281463693405
2021-08-18,1.1709738969802856,0.6927894949913025,0.006093530320546492
2021-08-19,1.1703298091888428,0.6874505877494812,0.011453780833059923
2021-08-20,1.1676595211029053,0.6820305585861206,0.014879063851860774
2021-08-23,1.1697548627853394,0.6830880641937256,0.01578509447516052
2021-08-24,1.1744533777236938,0.6894079446792603,0.013376031259979548
2021-08-25,1.175309181213379,0.6938084959983826,0.009282807233892187
2021-08-26,1.177440166473389,0.6972820162773132,0.007507339372376132
2021-08-27,1.1756407022476196,0.694531261920929,0.008801478200324064
2021-08-30,1.1799006462097168,0.7012377381324768,0.00551906374005795
2021-08-31,1.1796904802322388,0.6998194456100464,0.006903963519095724
2021-09-01,1.1810280084609983,0.7051689028739929,0.0022252884874418566
2021-09-02,1.1840906143188477,0.7065889835357666,0.003690817579206307
2021-09-03,1.1876484155654907,0.7110706567764282,0.0022083585092942393
2021-09-06,1.1885942220687866,0.7151899337768555,-0.0014785306979709922
2021-09-07,1.187507390975952,0.7136587500572205,-0.0008433342968308111
2021-09-08,1.184356927871704,0.7097585201263428,0.00039254963727453074
2021-09-09,1.1819101572036743,0.7098290324211121,-0.00213352184142801
2021-09-10,1.182592272758484,0.7105098962783813,-0.0022171316968591093
2021-09-13,1.1811953783035278,0.711657702922821,-0.0049048931941866325
2021-09-14,1.1811953783035278,0.7114601731300354,-0.004682743670459288
2021-09-15,1.180498123168945,0.7095721364021301,-0.003256640834737423
2021-09-16,1.1819995641708374,0.7132006287574768,-0.005835940450355626
2021-09-17,1.176747441291809,0.7070900201797485,-0.00421584032907929
2021-09-20,1.1729930639266968,0.7033585906028748,-0.0037737099591566015
2021-09-21,1.1730204820632937,0.7017691731452942,-0.0019587724502858617
2021-09-22,1.17229163646698,0.6997313499450684,-0.0003958045080612038
2021-09-23,1.168770432472229,0.6991002559661865,-0.0032072561922431575
2021-09-24,1.1740258932113647,0.7065390348434448,-0.0063177293276479585
2021-09-27,1.172305464744568,0.7016608715057373,-0.0025519896227794714
2021-09-28,1.1696795225143433,0.700790524482727,-0.004199106462096758
2021-09-29,1.1686338186264038,0.6960008144378662,0.00014187988161307175
2021-09-30,1.1601601839065552,0.6872379779815674,0.001523264588531914
2021-10-01,1.1574475765228271,0.6896799206733704,-0.003935644496339208
2021-10-04,1.160725712776184,0.6941889524459839,-0.005728537005943668
2021-10-05,1.1618449687957764,0.6961801052093506,-0.006848607175137467
2021-10-06,1.1596084833145142,0.6956700682640076,-0.008511485693655008
2021-10-07,1.1555349826812744,0.6915820240974426,-0.007987416250139434
2021-10-08,1.1559758186340332,0.6938180923461914,-0.010061347763473893
2021-10-11,1.1566041707992554,0.6921613216400146,-0.007569728198877357
2021-10-12,1.1553747653961182,0.6943287253379822,-0.011236678300656777
2021-10-13,1.15340256690979,0.6925591230392456,-0.011218714683803643
2021-10-14,1.1599582433700562,0.6972284913063049,-0.009914387511190004
2021-10-15,1.159151554107666,0.7035713195800781,-0.017854462883251543
2021-10-18,1.1597026586532593,0.7084611654281616,-0.02280266510517448
2021-10-19,1.161386251449585,0.7091901898384094,-0.02193896091014924
2021-10-20,1.1631964445114136,0.7155686020851135,-0.0273021730484162
2021-10-21,1.1655012369155884,0.71986985206604,-0.029834730095279482
2021-10-22,1.1625338792800903,0.7155993580818176,-0.027999327644326888
2021-10-25,1.164008855819702,0.7150722742080688,-0.025931572517412516
2021-10-26,1.161170482635498,0.7166198492050171,-0.03051040744997424
2021-10-27,1.159823656082153,0.7168099284172058,-0.03207100432050902
2021-10-28,1.1600120067596436,0.7163888216018677,-0.03140906088950812
2021-10-29,1.1683608293533323,0.7195124626159668,-0.026573203878335283
2021-11-01,1.1556684970855713,0.7176483869552612,-0.03716912570401698
2021-11-02,1.1599582433700562,0.7179214954376221,-0.0331865276143779
2021-11-03,1.1579434871673584,0.7125806212425232,-0.02919473340259371
2021-11-04,1.1615750789642334,0.7176278233528137,-0.031239417215310983
2021-11-05,1.1555349826812744,0.7109695672988892,-0.029791385300618423
2021-11-08,1.1568851470947266,0.7109189629554749,-0.028384309316362266
2021-11-09,1.159151554107666,0.7162498235702515,-0.0321131910643182
2021-11-10,1.1595547199249268,0.712520182132721,-0.02751552852159156
2021-11-11,1.148593544960022,0.7066788077354431,-0.03190727149363792
2021-11-12,1.145081877708435,0.7024001479148865,-0.030606995048409136
2021-11-15,1.144164800643921,0.7043195366859436,-0.033682689784338304
2021-11-16,1.1366478204727173,0.704170823097229,-0.04103242099304949
2021-11-17,1.1321182250976562,0.6991999745368958,-0.039971610867116425
2021-11-18,1.1321182250976562,0.7003781795501709,-0.04129666507216179
2021-11-19,1.1368415355682373,0.7042104601860046,-0.04088328327630997
2021-11-22,1.1275737285614014,0.6991393566131592,-0.04444793417898074
2021-11-23,1.12421452999115,0.6949608325958252,-0.04310780558828298
2021-11-24,1.124492645263672,0.6952894330024719,-0.043199246840899486
2021-11-25,1.1202975511550903,0.6875309348106384,-0.038668838563995056
2021-11-26,1.1209630966186523,0.6844392418861389,-0.03452625755555072
2021-11-29,1.1293182373046875,0.6826311349868774,-0.024137651026947538
2021-11-30,1.1293437480926514,0.6830694675445557,-0.024605105718009224
2021-12-01,1.1330289840698242,0.6824913620948792,-0.020269710347163628
2021-12-02,1.1319515705108645,0.6814100742340088,-0.020131066419720733
2021-12-03,1.1306205987930298,0.6812081933021545,-0.021234995157209724
2021-12-06,1.13047993183136,0.6757396459579468,-0.015225525621167524
2021-12-07,1.128668189048767,0.6749687790870667,-0.016170322178544305
2021-12-08,1.127650022506714,0.6786198616027832,-0.021294635092329983
2021-12-09,1.1345586776733398,0.6808279156684875,-0.016869241575215854
2021-12-10,1.1293309926986694,0.6795694231987,-0.020681578015190993
2021-12-13,1.131183385848999,0.6795879006385803,-0.018849965297074833
2021-12-14,1.1285407543182373,0.6752012372016907,-0.01655918815305024
2021-12-15,1.1261261701583862,0.673632025718689,-0.017208977348758037
2021-12-16,1.1290758848190308,0.6778098344802856,-0.018957785445234965
2021-12-17,1.1334141492843628,0.6796294450759888,-0.016665924317365244
2021-12-20,1.124353528022766,0.6731604337692261,-0.018451249227368294
2021-12-21,1.127751708030701,0.671312153339386,-0.012974422695213983
2021-12-22,1.128757357597351,0.6765991449356079,-0.01791472512136516
2021-12-23,1.1328877210617063,0.6805823445320129,-0.01826401953936685
2021-12-24,1.132733702659607,0.6822212934494019,-0.02026126227880254
2021-12-27,1.1324259042739868,0.6815192699432373,-0.019779538307614697
2021-12-28,1.1330032348632812,0.6817998886108398,-0.01951780215335619
2021-12-29,1.1314777135849,0.6805600523948669,-0.019648956430212472
2021-12-30,1.1360150575637815,0.6839711666107178,-0.018947881338897465
2021-12-31,1.132502794265747,0.6830414533615112,-0.021414553728331898
2022-01-03,1.1373459100723269,0.6840693950653076,-0.01772750028934511
2022-01-04,1.1302244663238523,0.6789695620536804,-0.01911347771324512
2022-01-05,1.1283625364303589,0.6813613176345825,-0.023665266972643373
2022-01-06,1.1313496828079224,0.6793201565742493,-0.01838255317201276
2022-01-07,1.1296881437301636,0.674040675163269,-0.014106586497160123
2022-01-10,1.1353960037231443,0.6775985956192017,-0.01240009927736474
2022-01-11,1.1330417394638062,0.6766495108604431,-0.013686986691104908
2022-01-12,1.1366478204727173,0.678380012512207,-0.012027093709465309
2022-01-13,1.144164800643921,0.6846923232078552,-0.011609178417954613
2022-01-14,1.1457115411758425,0.6861910820007324,-0.011747999073156157
2022-01-17,1.1410704851150513,0.6808279156684875,-0.010357434133504428
2022-01-18,1.1410574913024902,0.6797999143600464,-0.009214298544820254
2022-01-19,1.1329647302627563,0.6771718859672546,-0.014351478820925578
2022-01-20,1.1343399286270142,0.6780300140380859,-0.013941363948853702
2022-01-21,1.1313753128051758,0.6750781536102295,-0.013586205174108912
2022-01-24,1.1341469287872314,0.6722598671913147,-0.007645037010278299
2022-01-25,1.132413029670715,0.6704614758491516,-0.0073563967695517984
2022-01-26,1.130454421043396,0.6690887808799744,-0.00777122038436584
2022-01-27,1.124353528022766,0.666058361530304,-0.01046398845467933
2022-01-28,1.1147029399871826,0.6584405303001404,-0.011547273524208368
2022-01-31,1.1152374744415283,0.6551920771598816,-0.007359405019427223
2022-02-01,1.12296462059021,0.657799482345581,-0.0025646459906776276
2022-02-02,1.1273956298828125,0.6637285947799683,-0.004801742227121375
2022-02-03,1.1299946308135986,0.66118985414505,0.0006524230561453237
2022-02-04,1.14357590675354,0.666640043258667,0.008104208863283668
2022-02-07,1.145514726638794,0.6619886159896851,0.01527420090684739
2022-02-08,1.1442956924438477,0.663790225982666,0.012029007537433856
2022-02-09,1.142126202583313,0.6649501919746399,0.008554975769458295
2022-02-10,1.142152190208435,0.667931318283081,0.0052282752747174754
2022-02-11,1.1415525674819946,0.6667110919952393,0.006000965478194953
2022-02-14,1.1365057229995728,0.6646682024002075,0.003251632394756898
2022-02-15,1.1306334733963013,0.6618002653121948,0.0006047740056276396
2022-02-16,1.1356796026229858,0.6640812158584595,0.0030856594260360026
2022-02-17,1.1375269889831543,0.6681097745895386,0.00040237529444597797
2022-02-18,1.1366478204727173,0.6691021919250488,-0.0015929035268120728
2022-02-21,1.131721019744873,0.6689589619636536,-0.00635862238817575
2022-02-22,1.1309658288955688,0.6695995330810547,-0.00783422389876498
2022-02-23,1.13291335105896,0.6741815805435181,-0.011039846722404656
2022-02-24,1.1305694580078125,0.6770801544189453,-0.01664358628497742
2022-02-25,1.11906898021698,0.6687889695167542,-0.01881948193970473
2022-02-28,1.118105411529541,0.6693216562271118,-0.02038213037776293
2022-03-01,1.1215918064117432,0.6769197583198547,-0.025440850322703268
2022-03-02,1.1132758855819702,0.6767502427101135,-0.033566127445330496
2022-03-03,1.1112345457077026,0.6783018112182617,-0.03735242032266006
2022-03-04,1.1066844463348389,0.680971622467041,-0.04490509104941598
2022-03-07,1.087453007698059,0.6874505877494812,-0.07142302065772377
2022-03-08,1.0865312814712524,0.683821439743042,-0.06826326889684475
2022-03-09,1.0898232460021973,0.6804294586181641,-0.06115655328072256
2022-03-10,1.107382893562317,0.6838401556015015,-0.047432705372603134
2022-03-11,1.1013944149017334,0.6874411702156067,-0.05747102213698607
2022-03-14,1.093206763267517,0.6812685132026672,-0.05871666873885184
2022-03-15,1.0943193435668943,0.674900472164154,-0.0504423470948796
2022-03-16,1.0969363451004028,0.6762194037437439,-0.04930866621950014
2022-03-17,1.1021955013275146,0.6830694675445557,-0.05175335248314594
2022-03-18,1.1099518537521362,0.6892321705818176,-0.05092781047094075
2022-03-21,1.1043134927749634,0.689869225025177,-0.05728262712391263
2022-03-22,1.101722002029419,0.6879708170890808,-0.05773909604365213
2022-03-23,1.1029735803604126,0.6964321732521057,-0.06600348092608455
2022-03-24,1.1006306409835815,0.6976322531700134,-0.06969607585835536
2022-03-25,1.1009578704833984,0.696548581123352,-0.06815010752604378
2022-03-28,1.098189115524292,0.6957489848136902,-0.07001960603952462
2022-03-29,1.099384307861328,0.6907795071601868,-0.06323554997549752
2022-03-30,1.1091516017913818,0.6943190693855286,-0.0574489824537201
2022-03-31,1.116183519363403,0.6970681548118591,-0.053508790993151756
2022-04-01,1.1072357892990112,0.6934000253677368,-0.058331203061252834
2022-04-04,1.1047282218933103,0.6907699704170227,-0.0578809105591469
2022-04-05,1.0975863933563232,0.6948497891426086,-0.06961105852887184
2022-04-06,1.090643286705017,0.6947677135467529,-0.07646185984095877
2022-04-07,1.0898232460021973,0.6911519169807434,-0.0732154380942085
2022-04-08,1.0864840745925903,0.6884918212890625,-0.0735629646352487
2022-04-11,1.0884946584701538,0.6835409998893738,-0.06598449856386468
2022-04-12,1.087795972824097,0.6817794442176819,-0.06470207164980102
2022-04-13,1.0826143026351929,0.6856500506401062,-0.07423677315186428
2022-04-14,1.089656949043274,0.6800777912139893,-0.060927351691066445
2022-04-15,1.0820988416671753,0.6783432364463806,-0.06653471275153722
2022-04-18,1.081525444984436,0.6760411262512207,-0.06451906868143298
2022-04-19,1.0781787633895874,0.673632025718689,-0.06515638411755686
2022-04-20,1.0794472694396973,0.6746591329574585,-0.06504300196390744
2022-04-21,1.0849870443344116,0.6783478260040283,-0.06365167167552821
2022-04-22,1.0835175514221191,0.6724497079849243,-0.05848791655797125
2022-04-25,1.0811045169830322,0.6625105142593384,-0.04972295540846683
2022-04-26,1.0714209079742432,0.6618615388870239,-0.058676702010996395
2022-04-27,1.0643619298934937,0.6575616598129272,-0.06089987241471073
2022-04-28,1.0555092096328735,0.6542190313339233,-0.06599334545425872
2022-04-29,1.050420165061951,0.6493085026741028,-0.0655598225803169
2022-05-02,1.0535964965820312,0.6456194519996643,-0.058234644251987655
2022-05-03,1.0509058237075806,0.6441307067871094,-0.05925101759290197
2022-05-04,1.052853226661682,0.643430233001709,-0.0565158351569528
2022-05-05,1.0622477531433103,0.6551019549369812,-0.06024777143536508
2022-05-06,1.0539740324020386,0.6430289149284363,-0.05494369183564962
2022-05-09,1.053219199180603,0.6389204859733582,-0.051078029471242736
2022-05-10,1.056579828262329,0.6323590874671936,-0.04033820187685522
2022-05-11,1.0532968044281006,0.6289980411529541,-0.039841265091450584
2022-05-12,1.05124831199646,0.6284801959991455,-0.041307369151895035
2022-05-13,1.0379581451416016,0.6247188448905945,-0.050367377378263134
2022-05-16,1.0400632619857788,0.6288912296295166,-0.05295468322884789
2022-05-17,1.0438958406448364,0.6311417818069458,-0.051653161213392806
2022-05-18,1.0547856092453003,0.6359097957611084,-0.04612568259514083
2022-05-19,1.0472739934921265,0.6295603513717651,-0.04649647150323766
2022-05-20,1.057898759841919,0.6381499171257019,-0.04553185775297197
2022-05-23,1.056981921195984,0.6421493887901306,-0.05094665446834212
2022-05-24,1.0682048797607422,0.6447494626045227,-0.042647837884282946
2022-05-25,1.0736525058746338,0.6448908448219299,-0.03735921559365085
2022-05-26,1.0686614513397217,0.6479789614677429,-0.0458232836543071
2022-05-27,1.0732953548431396,0.6482393741607666,-0.04148225017779472
2022-05-30,1.073145627975464,0.6534098386764526,-0.047446878248022184
2022-05-31,1.0773539543151855,0.6558279991149902,-0.0459581071821753
2022-06-01,1.0734105110168457,0.6518607139587402,-0.045439790583322814
2022-06-02,1.0654165744781494,0.6480587720870972,-0.04915791857631113
2022-06-03,1.0751069784164429,0.6560388207435608,-0.048442181109108695
2022-06-06,1.0726046562194824,0.6509103178977966,-0.0451767937947376
2022-06-07,1.0691413879394531,0.6485589146614075,-0.0459955844914699
2022-06-08,1.0698620080947876,0.6480713486671448,-0.044726629060308554
2022-06-09,1.071765422821045,0.6443713903427124,-0.03866210036743145
2022-06-10,1.0619205236434937,0.6385695934295654,-0.04198207789725261
2022-06-13,1.0489987134933472,0.6337296366691589,-0.04946068844685936
2022-06-14,1.0415147542953491,0.6275415420532227,-0.04998528089656107
2022-06-15,1.0440592765808103,0.6226804852485657,-0.04197382909764524
2022-06-16,1.0456204414367676,0.6292592883110046,-0.04781143658082132
2022-06-17,1.0546854734420776,0.6360716223716736,-0.046407814764362065
2022-06-20,1.049141764640808,0.632559061050415,-0.04800116340184801
2022-06-21,1.0520778894424438,0.6337416768074036,-0.04639505329552773
2022-06-22,1.053263545036316,0.631780207157135,-0.04300345427171548
2022-06-23,1.0564124584197998,0.6271007657051086,-0.034591862913340155
2022-06-24,1.052011489868164,0.6286184787750244,-0.04069970935353062
2022-06-27,1.0566133260726929,0.6314287781715393,-0.0392584428213687
2022-06-28,1.0580891370773315,0.6294097900390625,-0.035512000912318875
2022-06-29,1.0523545742034912,0.6237096786499023,-0.0348360015492557
2022-06-30,1.04465913772583,0.6225099563598633,-0.041182184673390854
2022-07-01,1.0477677583694458,0.6240288615226746,-0.03978178259137577
2022-07-04,1.0433948040008545,0.6208789348602295,-0.04061220953678624
2022-07-05,1.0433186292648315,0.6215696930885315,-0.041465237269332045
2022-07-06,1.0257673263549805,0.6165912747383118,-0.053417621404346693
2022-07-07,1.0186411142349243,0.6155001521110535,-0.05931671548537043
2022-07-08,1.0169836282730105,0.6179094910621643,-0.06368383574061842
2022-07-11,1.0166114568710327,0.6186090111732483,-0.06484271408600728
2022-07-12,1.004752516746521,0.6122311353683472,-0.0695288523132942
2022-07-13,1.0033109188079834,0.612321138381958,-0.07107167106680734
2022-07-14,1.0032706260681152,0.6108586192131042,-0.06946715908015166
2022-07-15,1.0025665760040283,0.6130305528640747,-0.0726138484004557
2022-07-18,1.009631872177124,0.6189689040184021,-0.07222704797251289
2022-07-19,1.0145177841186523,0.6153202652931213,-0.06323773803899635
2022-07-20,1.0231330394744873,0.6233597993850708,-0.06366404873924925
2022-07-21,1.0182781219482422,0.6225215792655945,-0.0675762720131774
2022-07-22,1.0221081972122192,0.6243990063667297,-0.06585762272939522
2022-07-25,1.0200231075286863,0.6233908534049988,-0.0668089052178995
2022-07-26,1.022494912147522,0.625840961933136,-0.06709258591057199
2022-07-27,1.0129557847976685,0.624130129814148,-0.07470764633841354
2022-07-28,1.0209290981292725,0.6260290145874023,-0.06886989110183306
2022-07-29,1.0192328691482544,0.6295682787895203,-0.07454651132286605
2022-08-01,1.0208247900009155,0.6279119849205017,-0.07109185934004891
2022-08-02,1.0261356830596924,0.6331799030303955,-0.0717054675053368
2022-08-03,1.015568733215332,0.6221303939819336,-0.06984571888603242
2022-08-04,1.015764594078064,0.6267392039299011,-0.0748331011202148
2022-08-05,1.024779200553894,0.6297110319137573,-0.0691607255144886
2022-08-08,1.0170871019363403,0.6239704489707947,-0.07039674604522572
2022-08-09,1.0197629928588867,0.6289387345314026,-0.07330837817662439
2022-08-10,1.0208144187927246,0.6285789608955383,-0.07185233711749417
2022-08-11,1.0300782918930054,0.64063960313797,-0.07615232135852201
2022-08-12,1.0316723585128784,0.6434219479560852,-0.07768738562808641
2022-08-15,1.0256409645080566,0.6449490785598755,-0.08543624883852652
2022-08-16,1.0161981582641602,0.6362901926040649,-0.08514094234526959
2022-08-17,1.0170663595199585,0.6343407034873962,-0.08208027142364394
2022-08-18,1.0180189609527588,0.6276084780693054,-0.07355635303068597
2022-08-19,1.0089900493621826,0.6245003938674927,-0.07908979482199685
2022-08-22,1.0035223960876465,0.6176198124885559,-0.07681928437579666
2022-08-23,0.9939467906951904,0.6176690459251404,-0.08645025956505381
2022-08-24,0.9966909885406494,0.620728611946106,-0.08714696612588657
2022-08-25,0.9969095587730408,0.6181692481040955,-0.08405003789731813
2022-08-26,0.9971283078193665,0.6216701865196228,-0.0877685774525776
2022-08-29,0.993867814540863,0.6112992763519287,-0.0793655503988695
2022-08-30,1.0014019012451172,0.6160708069801331,-0.07719770866231279
2022-08-31,1.0025062561035156,0.6132185459136963,-0.07288559244032733
2022-09-01,1.003905177116394,0.6111199259757996,-0.06912648356356321
2022-09-02,0.995232880115509,0.6084908843040466,-0.07484206022873052
2022-09-05,0.9909427762031556,0.6086316108703613,-0.07929043059416785
2022-09-06,0.9952229857444764,0.6105490922927856,-0.0771666936473886
2022-09-07,0.98979514837265,0.6033000349998474,-0.0744419652599505
2022-09-08,0.9995701909065248,0.6062516570091248,-0.06798642918804931
2022-09-09,1.0012015104293823,0.6070399284362793,-0.06724162971688008
2022-09-12,1.0071406364440918,0.611291766166687,-0.0660842822554506
2022-09-13,1.0129557847976685,0.6146697402000427,-0.06406813207876105
2022-09-14,0.9982032775878906,0.6005104780197144,-0.06289659408334414
2022-09-15,0.9984025359153748,0.6016883254051208,-0.06402198775899137
2022-09-16,0.9988313317298888,0.595770001411438,-0.05693721950649755
2022-09-19,1.002234935760498,0.5995599627494812,-0.05779595025748363
2022-09-20,1.0029587745666504,0.5966800451278687,-0.05383324647307641
2022-09-21,0.997078537940979,0.5901898741722107,-0.05241438980058688
2022-09-22,0.983071506023407,0.5829408168792725,-0.05826885595889442
2022-09-23,0.9841550588607788,0.5848295092582703,-0.05930939846200234
2022-09-26,0.968992292881012,0.5741912722587585,-0.06250799817898534
2022-09-27,0.9623712301254272,0.5665497779846191,-0.06053514560855189
2022-09-28,0.959619164466858,0.5631391406059265,-0.05945147864877309
2022-09-29,0.9708172082901,0.5718501210212708,-0.05805013497479605
2022-09-30,0.9829555749893188,0.5742308497428894,-0.04858922641580654
2022-10-03,0.9792688488960266,0.5618608593940735,-0.038364190512345075
2022-10-04,0.983206868171692,0.5719612836837769,-0.045785492854746646
2022-10-05,0.998432457447052,0.5737300515174866,-0.03254912721143555
2022-10-06,0.9910998940467834,0.5776006579399109,-0.04423472192486333
2022-10-07,0.9789045453071594,0.566068708896637,-0.04346080181909384
2022-10-10,0.9735012650489808,0.56067955493927,-0.04280323440442613
2022-10-11,0.9710057377815248,0.5572396516799927,-0.041430115530253775
2022-10-12,0.9700167775154114,0.5584813952445984,-0.043815587874765916
2022-10-13,0.9707984328269958,0.561138927936554,-0.04602269498469913
2022-10-14,0.975134015083313,0.5639108419418335,-0.04480451272866648
2022-10-17,0.973937451839447,0.5576000809669495,-0.038903753967799215
2022-10-18,0.9846396446228028,0.5656684637069702,-0.03727557152824523
2022-10-19,0.9863878488540648,0.5694792866706848,-0.03981316385688405
2022-10-20,0.9766482710838318,0.566270649433136,-0.045944186056419145
2022-10-21,0.9778899550437928,0.5669191479682922,-0.04543182823349923
2022-10-24,0.9860085844993592,0.5763987898826599,-0.04797436490727891
2022-10-25,0.9886503219604492,0.5704994797706604,-0.03869803874329336
2022-10-26,0.9963731169700624,0.5743198990821838,-0.035271832711601614
2022-10-27,1.009193778038025,0.5839995741844177,-0.03333730271010915
2022-10-28,0.9967803955078124,0.5828015208244324,-0.044403308829060184
2022-10-31,0.9955002665519714,0.5801911354064941,-0.04274769898235409
2022-11-01,0.9886307716369628,0.5825197100639343,-0.052235997591827954
2022-11-02,0.9877909421920776,0.5847885012626648,-0.0556273959779201
2022-11-03,0.9814409017562866,0.5813412666320801,-0.05810054513284979
2022-11-04,0.9749630093574524,0.5769208669662476,-0.05960708780969526
2022-11-07,0.9928810596466064,0.5894210338592529,-0.0557472010139215
2022-11-08,1.0018634796142578,0.5940182209014893,-0.05193495258098535
2022-11-09,1.008084774017334,0.5963206887245178,-0.04830310113266645
2022-11-10,1.0019538402557373,0.5886300206184387,-0.045784816805096495
2022-11-11,1.0192224979400637,0.6017788648605347,-0.0433038498521483
2022-11-14,1.0328551530838013,0.610530436038971,-0.03951354477489333
2022-11-15,1.0319278240203855,0.6089985370635986,-0.03871804194050643
2022-11-16,1.0357863903045654,0.6165608167648315,-0.043364303258435655
2022-11-17,1.039501070976257,0.6150288581848145,-0.03792672365528915
2022-11-18,1.036172866821289,0.6128915548324585,-0.038851235106027726
2022-11-21,1.0330898761749268,0.6167814135551453,-0.04630890893524242
2022-11-22,1.0245691537857056,0.6098490357398987,-0.04703321535987737
2022-11-23,1.0311086177825928,0.6156498193740845,-0.047017533438631354
2022-11-24,1.04162335395813,0.6252813935279846,-0.04733483217215673
2022-11-25,1.040810227394104,0.6259702444076538,-0.048922666655832
2022-11-28,1.0367528200149536,0.6216701865196228,-0.04814406525699044
2022-11-29,1.034554123878479,0.616401195526123,-0.04441705356365855
2022-11-30,1.0324499607086182,0.6196900010108948,-0.0502199325665631
2022-12-01,1.042535424232483,0.6314406991004944,-0.0533497513920389
2022-12-02,1.052842140197754,0.6369791626930237,-0.049271802398629605
2022-12-05,1.0544185638427734,0.6404590606689453,-0.05160900447593253
2022-12-06,1.0496923923492432,0.6322599649429321,-0.0471141608261636
2022-12-07,1.0469011068344116,0.6324390769004822,-0.05010688246616146
2022-12-08,1.051325798034668,0.6354088187217712,-0.04902207595817831
2022-12-09,1.0559661388397217,0.637860894203186,-0.047139432575158846
2022-12-12,1.0522217750549316,0.6393207907676697,-0.05252565160577127
2022-12-13,1.0541739463806152,0.638781726360321,-0.049967227928672475
2022-12-14,1.062665343284607,0.6453902721405029,-0.048908053156312636
2022-12-15,1.0676347017288208,0.6453902721405029,-0.04393869471209877
2022-12-16,1.064056158065796,0.6343004107475281,-0.03504515812885067
2022-12-19,1.05850350856781,0.6371496915817261,-0.04380221730780831
2022-12-20,1.0614584684371948,0.6361606121063232,-0.039734901012131285
2022-12-21,1.062699317932129,0.6344292163848877,-0.036546857985141123
2022-12-22,1.0610079765319824,0.6289505958557129,-0.03207673420033674
2022-12-23,1.060333013534546,0.6251992583274841,-0.028532800222869525
2022-12-26,1.0667804479599,0.6292901635169983,-0.026686153489581255
2022-12-27,1.064022183418274,0.6306999325752258,-0.031029897975443976
2022-12-28,1.0637166500091553,0.6273289918899536,-0.027544343178647512
2022-12-29,1.062925100326538,0.6318396925926208,-0.03340879856649037
2022-12-30,1.066075325012207,0.6345902681350708,-0.03335197583358207
2023-01-02,1.0709733963012695,0.6374799013137817,-0.03170369600809941
2023-01-03,1.0677714347839355,0.6326391100883484,-0.02946151945376152
2023-01-04,1.0546854734420776,0.6247110962867737,-0.033631334702987736
2023-01-05,1.0606365203857422,0.6285117864608765,-0.03195468859833284
2023-01-06,1.0522217750549316,0.6230801343917847,-0.034260791262205936
2023-01-09,1.0656323432922363,0.6359097957611084,-0.03527894854820479
2023-01-10,1.073318362236023,0.6369507908821106,-0.028763672341864943
2023-01-11,1.0738946199417114,0.6371902227401733,-0.028456688817471987
2023-01-12,1.0766000747680664,0.6367682814598083,-0.0252767027664742
2023-01-13,1.0860239267349243,0.638781726360321,-0.018117247574363393
2023-01-16,1.082461953163147,0.6385084390640259,-0.021371871850337953
2023-01-17,1.083012938499451,0.6389898657798767,-0.021362317323673663
2023-01-18,1.0793308019638062,0.6432895064353943,-0.02987999340174463
2023-01-19,1.0797853469848633,0.6445499658584595,-0.03084300902590864
2023-01-20,1.083388328552246,0.6395497918128967,-0.0216166414005996
2023-01-23,1.086507797241211,0.648908257484436,-0.029022059425851676
2023-01-24,1.0874292850494385,0.6490219235420227,-0.02822840479256339
2023-01-25,1.088814616203308,0.6493295431137085,-0.02718903431822195
2023-01-26,1.0922038555145264,0.6484116911888123,-0.022767543795211953
2023-01-27,1.0894432067871094,0.6490893363952637,-0.026290298115645427
2023-01-30,1.0871455669403076,0.6492199301719666,-0.028734808694639735
2023-01-31,1.0850694179534912,0.6468890905380249,-0.028189606708203474
2023-02-01,1.0860947370529177,0.6438201069831848,-0.023712791885421636
2023-02-02,1.1012852191925049,0.6516398787498474,-0.017316722725886358
2023-02-03,1.09051251411438,0.6477187275886536,-0.023679551953700084
2023-02-06,1.079086184501648,0.6327711939811707,-0.018295316309549392
2023-02-07,1.0730764865875244,0.6308802366256714,-0.022178371604405722
2023-02-08,1.0729728937149048,0.6321991682052612,-0.023765285135154413
2023-02-09,1.0715816020965576,0.6314606666564941,-0.024326029801485127
2023-02-10,1.0742292404174805,0.6327512264251709,-0.02312980412019594
2023-02-13,1.0677714347839355,0.6312298774719238,-0.027876642812395547
2023-02-14,1.073041915893555,0.6361404061317444,-0.028128729147640863
2023-02-15,1.0735719203948977,0.6335489153862,-0.02468423551153065
2023-02-16,1.0691757202148438,0.6279789805412292,-0.022816274951307447
2023-02-17,1.0665756464004517,0.6245394349098206,-0.021548104825985348
2023-02-20,1.0684444904327393,0.6236202716827393,-0.01864553484155529
2023-02-21,1.068261981010437,0.6257705092430115,-0.02124628327063638
2023-02-22,1.065200924873352,0.6216199398040771,-0.01963945102970177
2023-02-23,1.0605803728103638,0.6224014759063721,-0.025138948341668188
2023-02-24,1.0598047971725464,0.6230801343917847,-0.02667776914459119
2023-02-27,1.055475831031799,0.6165608167648315,-0.02367486253120199
2023-02-28,1.0611205101013184,0.6164202094078064,-0.017872051075903617
2023-03-01,1.0577309131622314,0.6186893582344055,-0.023813619158111088
2023-03-02,1.066894292831421,0.6256999969482422,-0.022534670638979737
2023-03-03,1.0599732398986816,0.6221303939819336,-0.025441212202682806
2023-03-06,1.0626201629638672,0.6209598779678345,-0.021477882273599036
2023-03-07,1.0688328742980957,0.6198398470878601,-0.014005541578971714
2023-03-08,1.05507493019104,0.6111199259757996,-0.017956730488917216
2023-03-09,1.0549525022506714,0.6114711761474609,-0.01847418774229892
2023-03-10,1.0584698915481567,0.6101207137107849,-0.013438016984616885
2023-03-13,1.0683646202087402,0.6160799264907837,-0.01024524584749198
2023-03-14,1.0725010633468628,0.6216315627098083,-0.012352384118389903
2023-03-15,1.0727657079696655,0.6230685114860535,-0.013703786785273397
2023-03-16,1.0583354234695437,0.6164582371711731,-0.0206999051778467
2023-03-17,1.0614134073257446,0.6203396916389465,-0.021987152759523898
2023-03-20,1.0678855180740356,0.6273211240768433,-0.023366626671663226
2023-03-21,1.071914792060852,0.6242586970329285,-0.01589323066324444
2023-03-22,1.0774236917495728,0.6192985773086548,-0.004805991530944187
2023-03-23,1.0870392322540283,0.6232509613037109,0.00036454748939451775
2023-03-24,1.0835057497024536,0.6246915459632874,-0.004789071404657008
2023-03-27,1.077818512916565,0.6211102604866028,-0.00644865822565821
2023-03-28,1.0807071924209597,0.620351254940033,-0.0027063721928552997
2023-03-29,1.0839520692825315,0.6253712773323059,-0.005107203595426046
2023-03-30,1.0843634605407717,0.6221303939819336,-0.00105099156059274
2023-03-31,1.0904649496078491,0.6269789338111877,-0.0004023549399865267
2023-04-03,1.080333590507507,0.6224905848503113,-0.005485945954715854
2023-04-04,1.091226577758789,0.6302706599235535,-0.003342727271052892
2023-04-05,1.0960105657577517,0.6315284371376038,2.6716597042009127e-05
2023-04-06,1.090334177017212,0.6318516731262207,-0.006013195639929192
2023-04-07,1.0920130014419556,0.6245706081390381,0.0038541916153649325
2023-04-10,1.0913575887680054,0.6255004405975342,0.002153053965510132
2023-04-11,1.086932897567749,0.6227386593818665,0.0008343670446471219
2023-04-12,1.0917507410049438,0.6195096373558044,0.009283691561627005
2023-04-13,1.0999890565872192,0.6218286752700806,0.014913928833805379
2023-04-14,1.1054610013961792,0.6303500533103943,0.01080240754147166
2023-04-17,1.098659634590149,0.6201512217521667,0.015471034913458137
2023-04-18,1.0925379991531372,0.618268609046936,0.011466657384391343
2023-04-19,1.0975382328033447,0.6215118169784546,0.012819455945566105
2023-04-20,1.095218300819397,0.6161999106407166,0.016473496021081724
2023-04-21,1.0970927476882937,0.6179285645484924,0.016403832905928395
2023-04-24,1.0992271900177002,0.614341139793396,0.02257282966640939
2023-04-25,1.1059499979019165,0.6175889372825623,0.025643040870365397
2023-04-26,1.0978394746780396,0.6147415041923523,0.020734849284238965
2023-04-27,1.1047282218933103,0.6120887398719788,0.030606996228843553
2023-04-28,1.1032048463821411,0.6146394610404968,0.026214982601080905
2023-05-01,1.1010911464691162,0.6172115802764893,0.02120857949028654
2023-05-02,1.0969241857528689,0.6164810061454773,0.017863250250299556
2023-05-03,1.1010911464691162,0.6226611733436584,0.015079759694006434
2023-05-04,1.1068925857543943,0.6208904981613159,0.022872567688207113
2023-05-05,1.102292776107788,0.6290218234062195,0.009127960160968618
2023-05-08,1.10186767578125,0.6299212574958801,0.00769132202119982
2023-05-09,1.0996140241622925,0.6338581442832947,0.0010100976677236417
2023-05-10,1.096467137336731,0.6338782906532288,-0.002159446532315812
2023-05-11,1.098406195640564,0.6371212005615234,-0.0038674881492541946
2023-05-12,1.0912145376205444,0.6294216513633728,-0.0023999400659140413
2023-05-15,1.0852696895599363,0.6195594668388367,0.0027465999832954058
2023-05-16,1.0873701572418213,0.6243288516998291,-0.0005167640910341831
2023-05-17,1.0865668058395386,0.6237408518791199,-0.0006588285133619642
2023-05-18,1.0838346481323242,0.624609649181366,-0.004368068736523956
2023-05-19,1.0775396823883057,0.6235813498497009,-0.009506569911035712
2023-05-22,1.0822745561599731,0.6284209489822388,-0.010214493537994196
2023-05-23,1.0811045169830322,0.6286303400993347,-0.011620021935470515
2023-05-24,1.076971173286438,0.6250195503234863,-0.011692534009287936
2023-05-25,1.0757315158843994,0.610608696937561,0.003274802840232738
2023-05-26,1.072443604469299,0.6053400635719299,0.005912197053025148
2023-05-29,1.0723055601119995,0.6057815551757812,0.005277634433127787
2023-05-30,1.0707669258117676,0.6044487357139587,0.005237939632011246
2023-05-31,1.073306918144226,0.6046789884567261,0.007518980965628863
2023-06-01,1.0695186853408811,0.6025112867355347,0.006168628029187273
2023-06-02,1.0760787725448608,0.6065789461135864,0.00815407066549878
2023-06-05,1.0698620080947876,0.6058182716369629,0.002792789686098196
2023-06-06,1.0711798667907717,0.6070613265037537,0.002712661563333052
2023-06-07,1.0698047876358032,0.6078399419784546,0.00046192180834925267
2023-06-08,1.0707440376281738,0.6042296290397644,0.005461467154278088
2023-06-09,1.078271746635437,0.609440267086029,0.007129094277338099
2023-06-12,1.0750954151153564,0.6130606532096863,-0.00011886128353966186
2023-06-13,1.0762988328933716,0.6129103302955627,0.0012536153655799964
2023-06-14,1.078934907913208,0.6159418225288391,0.0004803588293587069
2023-06-15,1.084304690361023,0.6196900010108948,0.0016347970858416883
2023-06-16,1.0945948362350464,0.623538613319397,0.007596647064405104
2023-06-19,1.0942115783691406,0.6232001185417175,0.007594073309920013
2023-06-20,1.0924304723739624,0.6202396750450134,0.009142394757255978
2023-06-21,1.0920368432998655,0.6166787147521973,0.01275355717261184
2023-06-22,1.0992635488510132,0.6207093596458435,0.01544724605417036
2023-06-23,1.0958904027938845,0.6182800531387329,0.014806190563896982
2023-06-26,1.0906671285629272,0.614870011806488,0.01341797861476457
2023-06-27,1.091048002243042,0.6163100004196167,0.012179386288925897
2023-06-28,1.0957223176956177,0.6157407760620117,0.017493873120981274
2023-06-29,1.0915838479995728,0.6074300408363342,0.022701972598996534
2023-06-30,1.086802959442139,0.606678307056427,0.018766512464390095
2023-07-03,1.0907504558563232,0.6132185459136963,0.015358607312480288
2023-07-04,1.091309905052185,0.6156005859375,0.01323912362776225
2023-07-05,1.0884946584701538,0.619809091091156,0.005690831957673836
2023-07-06,1.0856584310531616,0.6176995635032654,0.005227059562938896
2023-07-07,1.0890636444091797,0.616351842880249,0.010147970831147823
2023-07-10,1.0969723463058472,0.6205899715423584,0.013290311914564423
2023-07-11,1.100594401359558,0.6206515431404114,0.016843121205448064
2023-07-12,1.101406455039978,0.6199589371681213,0.0184341059256119
2023-07-13,1.1144545078277588,0.6305209994316101,0.01960366145825021
2023-07-14,1.1223469972610474,0.6391900181770325,0.017746642433493998
2023-07-17,1.1227755546569824,0.6365818381309509,0.021108458386841278
2023-07-18,1.123759627342224,0.6321192383766174,0.02711134061990106
2023-07-19,1.1228890419006348,0.6296991109848022,0.02896252256271259
2023-07-20,1.120523452758789,0.6262878179550171,0.03043340340939027
2023-07-21,1.113709807395935,0.6230296492576599,0.0272840185822969
2023-07-24,1.112532615661621,0.6169000864028931,0.033000366549719384
2023-07-25,1.1063170433044434,0.6200205087661743,0.023275448427249934
2023-07-26,1.1050456762313845,0.6216585636138916,0.020161862521639318
2023-07-27,1.1078368425369265,0.6212299466133118,0.023435067820881894
2023-07-28,1.0978755950927734,0.6187467575073242,0.016266509365264525
2023-07-31,1.1024264097213743,0.6160100698471069,0.02389510710563969
2023-08-01,1.0997591018676758,0.6204898357391357,0.01618968401225973
2023-08-02,1.100788116455078,0.614148736000061,0.02435014073341657
2023-08-03,1.0944151878356934,0.6086301207542419,0.024183656879677384
2023-08-04,1.095158338546753,0.6082391738891602,0.02536648131618291
2023-08-07,1.1002674102783203,0.6100090146064758,0.02848512280995985
2023-08-08,1.100315809249878,0.6106571555137634,0.027804597846390333
2023-08-09,1.0958904027938845,0.6056678295135498,0.02899037732360421
2023-08-10,1.0977671146392822,0.606207549571991,0.03026009944741115
2023-08-11,1.0981649160385132,0.6013337969779968,0.0361391085280367
2023-08-14,1.094439148902893,0.5984584093093872,0.035647111813096544
2023-08-15,1.0909883975982666,0.5974786281585693,0.03329825968500355
2023-08-16,1.0904173851013184,0.5957380533218384,0.034684763902565585
2023-08-17,1.0874884128570557,0.5931304097175598,0.03468844691284412
2023-08-18,1.0874648094177246,0.5925890803337097,0.03527364310371617
2023-08-21,1.087559461593628,0.5926803946495056,0.03526559972429322
2023-08-22,1.0898351669311523,0.5929685831069946,0.037217197352939824
2023-08-23,1.0846692323684692,0.5940676331520081,0.03081522927546798
2023-08-24,1.086578607559204,0.5974286794662476,0.028944643846569695
2023-08-25,1.07991361618042,0.591957688331604,0.02843253734524187
2023-08-28,1.0797386169433594,0.5910863876342773,0.0292374360375256
2023-08-29,1.082555651664734,0.5907477140426636,0.032435355971278
2023-08-30,1.0869210958480835,0.5967476963996887,0.03005299161299435
2023-08-31,1.0932546854019165,0.5952983498573303,0.038016571456192416
2023-09-01,1.0844104290008545,0.5976964831352234,0.02647528308842917
2023-09-04,1.07758629322052,0.5942582488059998,0.02351791650745838
2023-09-05,1.0794472694396973,0.5937396287918091,0.025962152535311533
2023-09-06,1.0726161003112793,0.58841872215271,0.02511507754785458
2023-09-07,1.0724204778671265,0.5870990753173828,0.026403580165658358
2023-09-08,1.0697818994522097,0.588200032711029,0.02252682315907939
2023-09-11,1.071811318397522,0.5901411175727844,0.02237322418353882
2023-09-12,1.0750375986099243,0.5916810035705566,0.023867689988730234
2023-09-13,1.075326681137085,0.5909885764122009,0.024935502454678016
2023-09-14,1.073422074317932,0.5920312404632568,0.02185827595581369
2023-09-15,1.0637166500091553,0.5906001329421997,0.013762329638797866
2023-09-18,1.0668259859085083,0.5905383825302124,0.016941112401935188
2023-09-19,1.0692671537399292,0.5921399593353271,0.017581085996012824
2023-09-20,1.0682048797607422,0.5951495170593262,0.013134148844815119
2023-09-21,1.065303087234497,0.5925294160842896,0.013179021606442465
2023-09-22,1.0661548376083374,0.5931796431541443,0.013299501867324981
2023-09-25,1.0648492574691772,0.595710039138794,0.009148142087006317
2023-09-26,1.0591648817062378,0.5967299342155457,0.0023167534995347516
2023-09-27,1.0569483041763306,0.5947707891464233,0.002303505087127622
2023-09-28,1.0505305528640747,0.591621458530426,-0.0005723891384703528
2023-09-29,1.0562450885772705,0.5964398384094238,-0.00027678684368082074
2023-10-02,1.0565240383148191,0.5995886921882629,-0.003539157923571734
2023-10-03,1.0480751991271973,0.5941911935806274,-0.00591776472702521
2023-10-04,1.0472300052642822,0.5913485288619995,-0.0035659896443738237
2023-10-05,1.0507071018218994,0.5918700695037842,-0.0006754375443953631
2023-10-06,1.0546631813049316,0.596640944480896,-0.0020848656588854375
2023-10-09,1.056747317314148,0.5972787737846375,-0.000718056762948116
2023-10-10,1.0578875541687012,0.6031108498573303,-0.006136794651494082
2023-10-11,1.0604791641235352,0.6041894555091858,-0.004758225668709315
2023-10-12,1.0624282360076904,0.6019490957260132,-0.0002895598954950618
2023-10-13,1.0536741018295288,0.5921609997749329,0.0019643712063501795
2023-10-16,1.052155375480652,0.5906604528427124,0.0021332170541652484
2023-10-17,1.055431246757507,0.5901515483856201,0.005981421654371211
2023-10-18,1.057305932044983,0.5894801616668701,0.008611174001371902
2023-10-19,1.053851842880249,0.5853909850120544,0.009755928552787063
2023-10-20,1.0586491823196411,0.5842998623847961,0.01578038603121179
2023-10-23,1.0589966773986816,0.5829306244850159,0.01766777817092402
2023-10-24,1.0669853687286377,0.5851101279258728,0.023205316970820622
2023-10-25,1.059535264968872,0.5846996307373047,0.016216873974455925
2023-10-26,1.056725025177002,0.5792199373245239,0.01956930597327844
2023-10-27,1.0564459562301636,0.5828898549079895,0.01516290802058018
2023-10-30,1.0562450885772705,0.5808415412902832,0.017265651829030393
2023-10-31,1.061503529548645,0.584030270576477,0.018937926469575483
2023-11-01,1.0579099655151367,0.5807403326034546,0.01904435190850462
2023-11-02,1.05870521068573,0.5879793763160706,0.011698292973420177
2023-11-03,1.061909317970276,0.5895808935165405,0.013101273054275442
2023-11-06,1.073214769363403,0.5996102690696716,0.01312730694287878
2023-11-07,1.0721560716629028,0.5963000655174255,0.015791390156598695
2023-11-08,1.0696102380752563,0.5936000347137451,0.01628211398456081
2023-11-09,1.07104229927063,0.5912017226219177,0.0204114082475928
2023-11-10,1.0667576789855957,0.5889298915863037,0.018681775620032592
2023-11-13,1.069015622138977,0.5894210338592529,0.020387361478449106
2023-11-14,1.0701825618743896,0.5882906913757324,0.022825527396108658
2023-11-15,1.0878314971923828,0.6004491448402405,0.026800603149366387
2023-11-16,1.0854581594467163,0.6028890609741211,0.021683242846735062
2023-11-17,1.0853756666183472,0.596530556678772,0.028751765978592747
2023-11-20,1.090702772140503,0.599621057510376,0.0306031766289121
2023-11-21,1.0945948362350464,0.6039800047874451,0.0295930026969895
2023-11-22,1.0918222665786743,0.6054185032844543,0.025202642875971515
2023-11-23,1.0890873670578003,0.6021299958229065,0.02616612401987961
2023-11-24,1.0906314849853516,0.604880154132843,0.02461730923023664
2023-11-27,1.0940439701080322,0.6077501177787781,0.02480212399459658
2023-11-28,1.095842361450195,0.6103999614715576,0.023620400256388674
2023-11-29,1.100594401359558,0.614601731300354,0.02364696988040471
2023-11-30,1.0973695516586304,0.6155892014503479,0.019311573661797032
2023-12-01,1.089205980300903,0.6157673001289368,0.010947705750992798
2023-12-04,1.088814616203308,0.6215388178825378,0.004065473101036776
2023-12-05,1.0837758779525757,0.6165000200271606,0.0046935587149219415
2023-12-06,1.0793657302856443,0.613399088382721,0.0037708368089799382
2023-12-07,1.076669692993164,0.6140506863594055,0.0003419876295387425
2023-12-08,1.079214334487915,0.616158127784729,0.000516520279863375
2023-12-11,1.0765769481658936,0.6124711632728577,0.0020256345882598836
2023-12-12,1.076658010482788,0.612291157245636,0.0023091385351050597
2023-12-13,1.0798670053482056,0.6137492060661316,0.0038783561979216508
2023-12-14,1.0886130332946775,0.6190800070762634,0.0066291624171503916
2023-12-15,1.0993602275848389,0.6213298439979553,0.014846104467536758
2023-12-18,1.0895264148712158,0.6209907531738281,0.00539364620185756
2023-12-19,1.092382788658142,0.6213804483413696,0.007811753970035973
2023-12-20,1.0981045961380005,0.6270418167114258,0.007166571086986817
2023-12-21,1.094570875167847,0.6253986954689026,0.005480766809830451
2023-12-22,1.100618600845337,0.6294692158699036,0.006950630304341843
2023-12-25,1.102657437324524,0.6319299340248108,0.006222049481910741
2023-12-26,1.1020255088806152,0.6306001543998718,0.0070856418208502525
2023-12-27,1.1043012142181396,0.6328513026237488,0.006829620178248952
2023-12-28,1.110864281654358,0.6349488496780396,0.011033706356322615
2023-12-29,1.1068191528320312,0.6334887742996216,0.008630633880775118
2024-01-01,1.1055831909179688,0.6319698691368103,0.0091028905283137
2024-01-02,1.1038745641708374,0.6315284371376038,0.007890715010127725
2024-01-03,1.0941756963729858,0.625,0.005533976115214667
2024-01-04,1.0927767753601074,0.6251289248466492,0.003990061312407978
2024-01-05,1.0947387218475342,0.6231298446655273,0.00820024946437714
2024-01-08,1.0942236185073853,0.6248789429664612,0.005718043597438438
2024-01-09,1.095170259475708,0.6251797676086426,0.006326365722595373
2024-01-10,1.093242645263672,0.6238303184509277,0.005916393398666786
2024-01-11,1.0975141525268557,0.6229597926139832,0.011166927153714923
2024-01-12,1.0981649160385132,0.6242314577102661,0.010387527693518361
2024-01-15,1.094570875167847,0.6232999563217163,0.007841088741020963
2024-01-16,1.094570875167847,0.6190685629844666,0.01259987475156188
2024-01-17,1.087878942489624,0.6140884160995483,0.01150880482409189
2024-01-18,1.0885775089263916,0.611340343952179,0.01529795780022325
2024-01-19,1.0879143476486206,0.6120250821113586,0.013864713924811811
2024-01-22,1.089229702949524,0.6118303537368774,0.015399068167784247
2024-01-23,1.088020920753479,0.607389509677887,0.019184628236467827
2024-01-24,1.0857881307601929,0.610340416431427,0.013633136185035699
2024-01-25,1.088174819946289,0.6108586192131042,0.015437034798022164
2024-01-26,1.0847046375274658,0.6108884811401367,0.011933268519395579
2024-01-29,1.0843517780303955,0.609289824962616,0.013378318610705708
2024-01-30,1.0834470987319946,0.613481879234314,0.007759095512283265
2024-01-31,1.08433997631073,0.613180935382843,0.008990426001489249
2024-02-01,1.0803920030593872,0.611190915107727,0.007280505299538831
2024-02-02,1.0874648094177246,0.6145714521408081,0.010551431033940517
2024-02-05,1.0780043601989746,0.6064502000808716,0.010224451008583824
2024-02-06,1.0741831064224243,0.6053085327148438,0.0076871598082179915
2024-02-07,1.075719952583313,0.6099792718887329,0.0039711149074510566
2024-02-08,1.077574610710144,0.6109594106674194,0.0047234716558350875
2024-02-09,1.077725529670715,0.6107914447784424,0.005063291448591967
2024-02-12,1.0798202753067017,0.6147717237472534,0.0026816638511841795
2024-02-13,1.0772264003753662,0.6127901673316956,0.0023163226906146583
2024-02-14,1.070893168449402,0.6057815551757812,0.0038652427705303527
2024-02-15,1.073214769363403,0.609061598777771,0.0024979817983761254
2024-02-16,1.0773887634277344,0.6111199259757996,0.00435710274777712
2024-02-19,1.0784927606582642,0.6136400103569031,0.0026269171589967666
2024-02-20,1.0775396823883057,0.6142581701278687,0.0009786328810186262
2024-02-21,1.0813149213790894,0.616819441318512,0.0018733687987517733
2024-02-22,1.082040309906006,0.6180316805839539,0.0012354269051590983
2024-02-23,1.0825674533843994,0.6195287704467773,7.888613869377892e-05
2024-02-26,1.0820051431655884,0.6186893582344055,0.0004606108452458457
2024-02-27,1.0850930213928225,0.6167091131210327,0.005775548102894934
2024-02-28,1.084481120109558,0.6170287728309631,0.004804145342337307
2024-02-29,1.0838816165924072,0.6097100377082825,0.01243556992399153
2024-03-01,1.0804970264434814,0.6085797548294067,0.010322138923660296
2024-03-04,1.084269404411316,0.6103813648223877,0.012068357717027522
2024-03-05,1.0855170488357544,0.6096594333648682,0.014127913738142706
2024-03-06,1.0855995416641235,0.6087798476219177,0.015199622173525995
2024-03-07,1.089953899383545,0.6127901673316956,0.01504382169879337
2024-03-08,1.0950144529342651,0.6178789138793945,0.01438137718426713
2024-03-11,1.0942955017089844,0.6179400086402893,0.013593716465376993
2024-03-12,1.093135118484497,0.6170782446861267,0.01340250578586577
2024-03-13,1.0927767753601074,0.614960789680481,0.015425533159489468
2024-03-14,1.0955302715301514,0.6165000200271606,0.016447952292497625
2024-03-15,1.0883406400680542,0.6124786734580994,0.01378088025023061
2024-03-18,1.0882576704025269,0.608698308467865,0.017949452948277766
2024-03-19,1.087393879890442,0.6082687973976135,0.017568706934678158
2024-03-20,1.0863306522369385,0.6048984527587891,0.020295897150566677
2024-03-21,1.0937210321426392,0.6089614629745483,0.02311686111347866
2024-03-22,1.0862362384796145,0.6046388149261475,0.020493481982668316
2024-03-25,1.0807539224624634,0.5990211963653564,0.02132895362763554
2024-03-26,1.0838228464126587,0.6001608371734619,0.023116194145824887
2024-03-27,1.0832358598709106,0.6007593870162964,0.021856055667664354
2024-03-28,1.0813382863998413,0.5992509126663208,0.02165496986904314
2024-03-29,1.0794472694396973,0.5974700450897217,0.021766784372365677
2024-04-01,1.0792726278305054,0.5986589789390564,0.020255022500714315
2024-04-02,1.0737217664718628,0.5952416062355042,0.018547468563129943
2024-04-03,1.076855182647705,0.5969401001930237,0.01977069378298646
2024-04-04,1.0838346481323242,0.6014711856842041,0.021654328053292815
2024-04-05,1.0837054252624512,0.6027800440788269,0.02005311321252945
2024-04-08,1.0830481052398682,0.6004491448402405,0.022017211196851738
2024-04-09,1.0863661766052246,0.6034383773803711,0.021973477865632196
2024-04-10,1.0859296321868896,0.6067924499511719,0.017764815764983233
2024-04-11,1.074171543121338,0.5974607467651367,0.016501515303765313
2024-04-12,1.0726851224899292,0.600121259689331,0.012022980568223707
2024-04-15,1.0649627447128296,0.594558596611023,0.010556585425820275
2024-04-16,1.0625749826431274,0.5902804136276245,0.012980230783715463
2024-04-17,1.0621461868286133,0.5892091989517212,0.013756163768365193
2024-04-18,1.0669398307800293,0.5912995934486389,0.016198870499912754
2024-04-19,1.0644185543060305,0.5903501510620117,0.014745373073425716
2024-04-22,1.065825343132019,0.5900297164916992,0.016512534814187685
2024-04-23,1.065405249595642,0.5921199917793274,0.013741638125246869
2024-04-24,1.0704345703125,0.5936902165412903,0.01700502430587214
2024-04-25,1.0699878931045532,0.593591570854187,0.016669287792484555
2024-04-26,1.072961449623108,0.5958410501480103,0.017112994273178028
2024-04-29,1.0706866979599,0.5947707891464233,0.016041898870696958
2024-04-30,1.0715701580047607,0.5971611142158508,0.01423710835730807
2024-05-01,1.0666552782058716,0.5879517197608948,0.019679464108229627
2024-05-02,1.0721560716629028,0.5930107831954956,0.019490642258860547
2024-05-03,1.073306918144226,0.5963882803916931,0.016843026832515484
2024-05-06,1.0758124589920044,0.6007593870162964,0.014432654788758104
2024-05-07,1.0767507553100586,0.6009507179260254,0.015155773082924373
2024-05-08,1.0750491619110107,0.5997199416160583,0.014838357570251759
2024-05-09,1.0746910572052002,0.6004202961921692,0.013692607449897753
2024-05-10,1.078515887260437,0.6036205291748047,0.013918333679411088
2024-05-13,1.077040672302246,0.6018512845039368,0.014432878622487433
2024-05-14,1.079354166984558,0.6023406982421875,0.016195959985751518
2024-05-15,1.0814552307128906,0.6043282151222229,0.0160617865780881
2024-05-16,1.0889805555343628,0.6130606532096863,0.013766279135466686
2024-05-17,1.0867793560028076,0.6124201416969299,0.012285423231543913
2024-05-20,1.0875475406646729,0.6136701107025146,0.011647845170993154
2024-05-21,1.086082935333252,0.6108101606369019,0.013399648544305975
2024-05-22,1.0855170488357544,0.6093807816505432,0.01444129606265232
2024-05-23,1.0825204849243164,0.6100090146064758,0.010738197455955945
2024-05-24,1.0812681913375854,0.609730064868927,0.009799621361996191
2024-05-27,1.0847634077072144,0.6121711730957031,0.010549474501614586
2024-05-28,1.0861891508102417,0.6152294278144836,0.00853578793870069
2024-05-29,1.0851871967315674,0.6140695810317993,0.008838241700162452
2024-05-30,1.0801819562911987,0.6113590598106384,0.006881356598207766
2024-05-31,1.0835410356521606,0.6116507053375244,0.009912440298458058
2024-06-03,1.0853049755096436,0.6148586869239807,0.008068561955418385
2024-06-04,1.0907385349273682,0.6193599700927734,0.008439806984980702
2024-06-05,1.0881866216659546,0.6174706816673279,0.008012659400570055
2024-06-06,1.087453007698059,0.6196286082267761,0.004852159084748564
2024-06-07,1.0894432067871094,0.6197015643119812,0.0067603089833814245
2024-06-10,1.077888250350952,0.6106199026107788,0.005418934980152779
2024-06-11,1.0764262676239014,0.6128314733505249,0.0014697356181048171
2024-06-12,1.07403302192688,0.614601731300354,-0.0029144095522732893
2024-06-13,1.0813149213790894,0.6186816692352295,-0.00022096360010626093
2024-06-14,1.0738831758499146,0.6161011457443237,-0.004750554186537137
2024-06-17,1.0702168941497805,0.6137416958808899,-0.005763308760313501
2024-06-18,1.0740677118301392,0.613800048828125,-0.001978117025557946
2024-06-19,1.0742292404174805,0.614058256149292,-0.0021069782199871767
2024-06-20,1.0751532316207886,0.6139414310455322,-0.001051601058168039
2024-06-21,1.0706409215927124,0.6122798919677734,-0.0036952809946855236
2024-06-24,1.0687757730484009,0.6111199259757996,-0.0042558876315563765
2024-06-25,1.0732723474502563,0.6120513081550598,-0.0008067810805649778
2024-06-26,1.0709619522094729,0.6119089722633362,-0.0029570999596524317
2024-06-27,1.068010926246643,0.6080284118652344,-0.0015438999893886418
2024-06-28,1.0708472728729248,0.6084686517715454,0.0007973360809936381
2024-07-01,1.0735257863998413,0.6099197268486023,0.0018439153426286214
2024-07-02,1.0737102031707764,0.6064796447753906,0.005897179356148641
2024-07-03,1.0748412609100342,0.6082206964492798,0.005070184111677811
2024-07-04,1.0793308019638062,0.6107205748558044,0.0067482667542695385
2024-07-05,1.0810693502426147,0.611340343952179,0.007789799116446394
2024-07-08,1.082602620124817,0.6141110062599182,0.0062070767050625975
2024-07-09,1.0830950736999512,0.6131207942962646,0.007813160345882642
2024-07-10,1.0814785957336426,0.6127113103866577,0.006657203570885839
2024-07-11,1.083329677581787,0.6087983250617981,0.01290897765897614
2024-07-12,1.0872756242752075,0.6094588041305542,0.01611212445124277
2024-07-15,1.0885539054870603,0.6095516681671143,0.01728596723280984
2024-07-16,1.0901559591293335,0.6076810956001282,0.020991737985263104
2024-07-17,1.0902509689331057,0.6069099307060242,0.021954029182513102
2024-07-18,1.094020128250122,0.608061671257019,0.024427897236106055
2024-07-19,1.0901559591293335,0.6043793559074402,0.02470500012085619
2024-07-22,1.0899182558059692,0.6024205088615417,0.026670290746730663
2024-07-23,1.0889805555343628,0.5978501439094543,0.030872596866303947
2024-07-24,1.0850694179534912,0.595291256904602,0.029839281012391083
2024-07-25,1.0839520692825315,0.5927295684814453,0.031602904650048114
2024-07-26,1.0851283073425293,0.5889801979064941,0.03699582757442377
2024-07-29,1.0853756666183472,0.5889000296592712,0.0373333471125874
2024-07-30,1.081946611404419,0.5877305269241333,0.035219559190468264
2024-07-31,1.081607222557068,0.5902003049850464,0.03210256392634947
2024-08-01,1.082391619682312,0.595181405544281,0.027285025762403547
2024-08-02,1.078760266304016,0.5936197638511658,0.025409954074408603
2024-08-05,1.0910836458206177,0.594700038433075,0.03651841567669667
2024-08-06,1.0950982570648191,0.5950503945350647,0.0401390031126696
2024-08-07,1.0926215648651123,0.5974107980728149,0.03500771124816815
2024-08-08,1.0928125381469729,0.5986088514328003,0.033851308118767465
2024-08-09,1.0915720462799072,0.6007015705108643,0.030257264719393717
2024-08-12,1.091381311416626,0.5994916558265686,0.03142724596418178
2024-08-13,1.0936251878738403,0.6023406982421875,0.030466980875033745
2024-08-14,1.0996986627578735,0.6079211831092834,0.03026443006233226
2024-08-15,1.101321578025818,0.6000707745552063,0.04071621360761202
2024-08-16,1.0972732305526731,0.5980896949768066,0.03889586363601416
2024-08-19,1.1024993658065796,0.6057485342025757,0.03550857677108299
2024-08-20,1.1086474657058716,0.6117704510688782,0.034884199744695144
2024-08-21,1.112792730331421,0.6157407760620117,0.034564285756784496
2024-08-22,1.115536093711853,0.6162492632865906,0.03673578504943209
2024-08-23,1.111716389656067,0.6143600344657898,0.03504077963699648
2024-08-26,1.118793487548828,0.6224092245101929,0.03306545202199662
2024-08-27,1.1164700984954834,0.6205514073371887,0.03283143487723983
2024-08-28,1.117793083190918,0.6244106888771057,0.029814124653452456
2024-08-29,1.1124955415725708,0.6247500777244568,0.024134893418900294
2024-08-30,1.10804545879364,0.6263309121131897,0.017906944113627032
2024-09-02,1.1044842004776,0.625,0.015842480219828925
2024-09-03,1.1067456007003784,0.6230490803718567,0.020297958916089875
2024-09-04,1.1048868894577026,0.618739128112793,0.023286384037688235
2024-09-05,1.10804545879364,0.6186702251434326,0.026522444275686174
2024-09-06,1.1111111640930176,0.6224402189254761,0.025348271066989447
2024-09-09,1.1087212562561035,0.6171315908432007,0.028928648438662385
2024-09-10,1.1037527322769165,0.6142317652702332,0.027221378677598995
2024-09-11,1.1020983457565308,0.6150099039077759,0.024691867826416303
2024-09-12,1.1010911464691162,0.6132185459136963,0.025699297925273257
2024-09-13,1.1077877283096311,0.6187008619308472,0.02623025849439453
2024-09-16,1.1088441610336304,0.6164087653160095,0.029864470317650493
2024-09-17,1.1129536628723145,0.6196094155311584,0.030374399095044913
2024-09-18,1.1123099327087402,0.619398295879364,0.02996810212792278
2024-09-19,1.1114816665649414,0.6208904981613159,0.02746164849875421
2024-09-20,1.1161960363388062,0.6237019300460815,0.029014174960858563
2024-09-23,1.1160838603973389,0.6236202716827393,0.02899383512304432
2024-09-24,1.111172795295715,0.6267195343971252,0.020597221202695914
2024-09-25,1.1191190481185913,0.6352190971374512,0.01898454224102064
2024-09-26,1.1131023168563845,0.6257195472717285,0.02365136634802867
2024-09-27,1.117717981338501,0.6331197619438171,0.019944467728644
2024-09-30,1.1169815063476562,0.634981095790863,0.017114665843725785
2024-10-01,1.113660216331482,0.6345298290252686,0.014300887609126622
2024-10-02,1.1063904762268066,0.6282985806465149,0.014039046617014384
2024-10-03,1.1048502922058103,0.6261191964149475,0.014949881058772485
2024-10-04,1.103557825088501,0.6217281222343445,0.018595783106519992
2024-10-07,1.0974539518356323,0.6160784363746643,0.018845761620707613
2024-10-08,1.0975743532180786,0.6128502488136292,0.022596705611806822
2024-10-09,1.0975743532180786,0.6131395697593689,0.022271324263535064
2024-10-10,1.0943313837051392,0.6070908308029175,0.02583099681981116
2024-10-11,1.0933860540390017,0.6096000075340271,0.02206375149273465
2024-10-14,1.0925379991531372,0.6091692447662354,0.0217001488120534
2024-10-15,1.0909169912338257,0.6089614629745483,0.020312820204665183
2024-10-16,1.0884116888046265,0.6056311726570129,0.02155288903051167
2024-10-17,1.0862481594085691,0.6058696508407593,0.01912115799159575
2024-10-18,1.0829542875289917,0.6060715913772583,0.015600176098020668
2024-10-21,1.0868619680404663,0.6076700091362,0.01771021515572402
2024-10-22,1.0817828178405762,0.6023297905921936,0.018636878000140467
2024-10-23,1.079727053642273,0.604580283164978,0.014050124191887114
2024-10-24,1.0780508518218994,0.6006186604499817,0.016829314071737267
2024-10-25,1.0824151039123535,0.6008387804031372,0.02094601088424186
2024-10-28,1.0796570777893066,0.5979001522064209,0.021492877886966744
2024-10-29,1.0816774368286133,0.5986300110816956,0.0226924098538408
2024-10-30,1.0820636749267578,0.5971183180809021,0.02477875544165764
2024-10-31,1.085917830467224,0.5971112251281738,0.028640887986747687
2024-11-01,1.0886130332946775,0.5971503853797913,0.03129204970463895
2024-11-04,1.087453007698059,0.5987414717674255,0.028342627793482622
2024-11-05,1.0874056816101074,0.5973715782165527,0.029835936136378027
2024-11-06,1.093445897102356,0.60165935754776,0.031053951783008404
2024-11-07,1.073306918144226,0.5938806533813477,0.01966319961849483
2024-11-08,1.0795172452926636,0.6022282242774963,0.01648553079574988
2024-11-11,1.0714898109436035,0.5966302156448364,0.014753830037200988
2024-11-12,1.066439151763916,0.596911609172821,0.009386704984997607
2024-11-13,1.061672568321228,0.5923293828964233,0.009773467630297406
2024-11-14,1.0564124584197998,0.5882906913757324,0.009055423941518814
2024-11-15,1.0530084371566772,0.5849800705909729,0.009374652828182395
2024-11-18,1.0533745288848877,0.5863211154937744,0.008232554413259763
2024-11-19,1.059490442276001,0.5890703797340393,0.011256540591963127
2024-11-20,1.0607603788375854,0.5919612050056458,0.009275345016921621
2024-11-21,1.0546187162399292,0.5884000062942505,0.007138742043327095
2024-11-22,1.0469341278076172,0.5857407450675964,0.0024448600084496785
2024-11-25,1.0479873418807983,0.5862111449241638,0.002969044497666662
2024-11-26,1.0444300174713137,0.5811284184455872,0.005127947754546058
2024-11-27,1.0491198301315308,0.5837098360061646,0.006914599967234647
2024-11-28,1.0562450885772705,0.5893411636352539,0.007706653010826736
2024-11-29,1.0563008785247805,0.5896400213241577,0.00742633622569655
2024-12-02,1.0545074939727783,0.5906500220298767,0.004497066435444452
2024-12-03,1.0501223802566528,0.5884602665901184,0.0025746350375739357
2024-12-04,1.0510826110839844,0.5882110595703125,0.0038151335651783747
2024-12-05,1.051414132118225,0.5857201814651489,0.0069479909291016995
2024-12-06,1.058559536933899,0.5882214307785034,0.011280395559592371
2024-12-09,1.056546330451965,0.5838802456855774,0.014149451075738728
2024-12-10,1.0555204153060913,0.5858985781669617,0.010853642395629137
2024-12-11,1.0532968044281006,0.58022141456604,0.015014785798405983
2024-12-12,1.0506850481033323,0.5794212818145752,0.013302889222133851
2024-12-13,1.0474056005477903,0.5770307183265686,0.012711960359450991
2024-12-16,1.051005244255066,0.5770706534385681,0.016266691519684517
2024-12-17,1.0517348051071167,0.5791997909545898,0.014601743277871115
2024-12-18,1.0495051145553589,0.5758113265037537,0.01618284882580512
2024-12-19,1.0350252389907837,0.5617314577102661,0.01753772964155864
2024-12-20,1.0364949703216553,0.562749981880188,0.017861989921901245
2024-12-23,1.0433076620101929,0.5651601552963257,0.021964108845972552
2024-12-24,1.0405826568603516,0.5646591186523438,0.019802588577378266
2024-12-25,1.0402579307556152,0.5648000836372375,0.01931932788494861
2024-12-26,1.0399551391601562,0.5650898814201355,0.018690618671999504
2024-12-27,1.0423181056976318,0.5625594258308411,0.023899431884285782
2024-12-30,1.0429377555847168,0.5639394521713257,0.022967051619632528
2024-12-31,1.040615200996399,0.5639712810516357,0.020608701060985668
