Date,EURUSD_Close,NZDUSD_Close,Spread
2020-01-01,1.1220825910568235,0.6785798072814941,0.35892591037219945
2020-01-02,1.1220825910568235,0.6737182140350342,0.3643934431885246
2020-01-03,1.1171437501907349,0.6700212359428406,0.36361236460644075
2020-01-06,1.1161960363388062,0.665530800819397,0.3677147650179553
2020-01-07,1.1197994947433472,0.6669512391090393,0.36972074445449765
2020-01-08,1.1154738664627075,0.6631211638450623,0.3697025646034522
2020-01-09,1.1113210916519165,0.6654289960861206,0.36295431380919674
2020-01-10,1.1111111640930176,0.6607987880706787,0.36795169442838827
2020-01-13,1.111666917800903,0.6637682318687439,0.36516789861226195
2020-01-14,1.1135733127593994,0.6626817584037781,0.3682961829849113
2020-01-15,1.113089919090271,0.660969078540802,0.3697389342810161
2020-01-16,1.1154004335403442,0.6619185209274292,0.3709816696835777
2020-01-17,1.1139578819274902,0.6638211011886597,0.3673994038892576
2020-01-20,1.1094592809677124,0.6619710922241211,0.3649813934296159
2020-01-21,1.109693169593811,0.6608904600143433,0.3664306021719419
2020-01-22,1.108561396598816,0.6595305800437927,0.36682820195420707
2020-01-23,1.1096439361572266,0.659639298915863,0.36778847213081967
2020-01-24,1.1055220365524292,0.6614719033241272,0.3616055558523583
2020-01-27,1.102535843849182,0.6572720408439636,0.3633426883575841
2020-01-28,1.101976990699768,0.6545788049697876,0.3658127507874167
2020-01-29,1.1022562980651855,0.6540094017982483,0.3667324306332711
2020-01-30,1.1016855239868164,0.6527202129364014,0.3676115274205326
2020-01-31,1.1029127836227417,0.6485421061515808,0.37353764498184094
2020-02-03,1.1089794635772705,0.6459489464759827,0.3825206910134018
2020-02-04,1.1062926054000854,0.6461117267608643,0.3796507639317811
2020-02-05,1.1047282218933103,0.6493801474571228,0.3744105901010495
2020-02-06,1.100231051445007,0.6481889486312866,0.3712530871939931
2020-02-07,1.0982975959777832,0.6463000178337097,0.3714439952018582
2020-02-10,1.0949305295944214,0.6399590373039246,0.37520823688494653
2020-02-11,1.0913456678390503,0.6388592720031738,0.3728602130481916
2020-02-12,1.091941475868225,0.6406519412994385,0.3714399169507445
2020-02-13,1.0875948667526243,0.6447120904922485,0.3625271095076654
2020-02-14,1.0845986604690552,0.6443091630935669,0.3599840507136549
2020-02-17,1.0841753482818604,0.6446580290794373,0.359168390559539
2020-02-18,1.0840108394622805,0.6438984274864197,0.35985815860489034
2020-02-19,1.079540491104126,0.6394516229629517,0.36038885587669434
2020-02-20,1.081009864807129,0.6389816999435425,0.36238672289444285
2020-02-21,1.078799843788147,0.6332480907440186,0.366624937024958
2020-02-24,1.0839051008224487,0.6323310732841492,0.3727615067999194
2020-02-25,1.0849199295043943,0.6344292163848877,0.3714166838871975
2020-02-26,1.0881996154785156,0.6321592330932617,0.37724927947557174
2020-02-27,1.088589429855347,0.6286817193031311,0.3815500382286334
2020-02-28,1.0997228622436523,0.6311696767807007,0.3898854189362191
2020-03-02,1.1051311492919922,0.6229403614997864,0.40454870718957503
2020-03-03,1.114404797554016,0.6265585422515869,0.4097532116559366
2020-03-04,1.118067979812622,0.6269199252128601,0.41300996888063835
2020-03-05,1.113908290863037,0.6300284266471863,0.405354340896222
2020-03-06,1.1223849058151243,0.6313091516494751,0.4123906037613053
2020-03-09,1.1386020183563232,0.6329394578933716,0.42677421184475184
2020-03-10,1.139796018600464,0.6341515779495239,0.426605015735688
2020-03-11,1.1316505670547483,0.6268099546432495,0.42671623321126106
2020-03-12,1.1261515617370603,0.6264290809631348,0.42164557293178007
2020-03-13,1.1184931993484497,0.6114487648010254,0.4308346443088181
2020-03-16,1.115536093711853,0.6050997972488403,0.43501782924807997
2020-03-17,1.1163206100463867,0.6044706702232361,0.4365098857826567
2020-03-18,1.101552128791809,0.5949299931526184,0.4324712131173819
2020-03-19,1.0961546897888184,0.5730692148208618,0.4516592375334715
2020-03-20,1.0657345056533811,0.5684757828712463,0.4264050018126546
2020-03-23,1.0694386959075928,0.5626100301742554,0.43670604082351605
2020-03-24,1.0764610767364502,0.574418842792511,0.4304477814920389
2020-03-25,1.080263614654541,0.5829713940620422,0.4246317947086823
2020-03-26,1.0889569520950315,0.5812196135520935,0.43529525119031587
2020-03-27,1.1048258543014526,0.5979001522064209,0.4324045846991861
2020-03-30,1.113908290863037,0.6058292984962463,0.43256960152874513
2020-03-31,1.1030466556549072,0.6009796261787415,0.42716209240648007
2020-04-01,1.102657437324524,0.5951389074325562,0.4333415686987798
2020-04-02,1.0953621864318848,0.5936902165412903,0.42767557072533025
2020-04-03,1.0847399234771729,0.5914394855499268,0.41958456551517787
2020-04-06,1.0806955099105835,0.5854012370109558,0.4223309960949989
2020-04-07,1.0803803205490112,0.5950610041618347,0.4111520649068252
2020-04-08,1.0895144939422607,0.5962993502616882,0.4188935471398574
2020-04-09,1.0863661766052246,0.6016702651977539,0.4097048944275792
2020-04-10,1.0927408933639526,0.6077216863632202,0.40927395260273813
2020-04-13,1.0932666063308716,0.6075407862663269,0.4100031127043924
2020-04-14,1.0922993421554563,0.6102696061134338,0.4059669138593066
2020-04-15,1.098538875579834,0.6101199388504028,0.41237476878461354
2020-04-16,1.0905101299285889,0.5995994806289673,0.4161777308992045
2020-04-17,1.0858471393585205,0.5998692512512207,0.41121134601881926
2020-04-20,1.0866966247558594,0.601550817489624,0.4101696780174263
2020-04-21,1.0864840745925903,0.6045108437538147,0.40662816964720905
2020-04-22,1.0856467485427856,0.5964096188545227,0.41490178948362433
2020-04-23,1.080964207649231,0.5924205780029297,0.4147054757703522
2020-04-24,1.077702283859253,0.6005717515945435,0.40227643189352547
2020-04-27,1.08236825466156,0.6021702289581299,0.40514469420840904
2020-04-28,1.0824854373931885,0.6024604439735413,0.40493549008698115
2020-04-29,1.0836584568023682,0.607810378074646,0.40009176996652895
2020-04-30,1.087725043296814,0.6142000555992126,0.3969722819005943
2020-05-01,1.094546914100647,0.6120288372039795,0.40623598755681656
2020-05-04,1.0959625244140625,0.6016412973403931,0.41933382059143565
2020-05-05,1.0904293060302734,0.605029821395874,0.40998973907430236
2020-05-06,1.0838581323623655,0.6053100228309631,0.4031034402069248
2020-05-07,1.0798553228378296,0.6006998419761658,0.404285415553306
2020-05-08,1.0837171077728271,0.6095698475837708,0.39817165455469794
2020-05-11,1.0839520692825315,0.6143185496330261,0.3930660449855363
2020-05-12,1.080940842628479,0.6077697277069092,0.39741987274350943
2020-05-13,1.0846810340881348,0.6069986820220947,0.4020272115293383
2020-05-14,1.08236825466156,0.5999088287353516,0.4076879509767306
2020-05-15,1.0806955099105835,0.6013012528419495,0.4044492330743371
2020-05-18,1.0821340084075928,0.5936691164970398,0.414471122613953
2020-05-19,1.0915124416351318,0.6040598750114441,0.4121637133030642
2020-05-20,1.0927767753601074,0.6086501479148865,0.40826565139699134
2020-05-21,1.0982975959777832,0.614809513092041,0.40685941548677995
2020-05-22,1.0952903032302856,0.6123398542404175,0.40662959508874563
2020-05-25,1.0907801389694214,0.6105006337165833,0.40418788823695084
2020-05-26,1.0902997255325315,0.6106609106063843,0.4035272213090221
2020-05-27,1.0981770753860474,0.6198398470878601,0.4010815898090532
2020-05-28,1.1016855239868164,0.618739128112793,0.40582794886687534
2020-05-29,1.1079105138778689,0.6199781894683838,0.4106594431938828
2020-06-01,1.1118524074554443,0.6199012994766235,0.4146878101829272
2020-06-02,1.1125946044921875,0.6281801462173462,0.4061193010495917
2020-06-03,1.118943691253662,0.6385492086410522,0.4008069455220762
2020-06-04,1.1235954761505127,0.6428387761116028,0.40063451956373985
2020-06-05,1.1337867975234983,0.6463789939880371,0.4068443771582737
2020-06-08,1.1319515705108645,0.6537613868713379,0.3967066301061768
2020-06-09,1.1305567026138306,0.6567497253417969,0.39195096301735144
2020-06-10,1.1332215070724487,0.6497303247451782,0.40251005257291617
2020-06-11,1.1365444660186768,0.6510586142539978,0.4043391665776037
2020-06-12,1.1288082599639893,0.6413010954856873,0.4075766375392923
2020-06-15,1.1252011060714722,0.6417208313941956,0.40349743266726756
2020-06-16,1.1337740421295166,0.6499203443527222,0.4028488843464466
2020-06-17,1.1265701055526731,0.6460198760032654,0.4000315629425655
2020-06-18,1.1242902278900146,0.6446402072906494,0.39930331322973145
2020-06-19,1.1211000680923462,0.642937958240509,0.3980275675081435
2020-06-22,1.1177555322647097,0.6402007341384888,0.397761418095152
2020-06-23,1.1279679536819458,0.649599552154541,0.3974035710155629
2020-06-24,1.1312345266342163,0.6500301957130432,0.40018582582995454
2020-06-25,1.1250872611999512,0.6404016613960266,0.4048671765884848
2020-06-26,1.1222084760665894,0.6430785655975342,0.3989778430966072
2020-06-29,1.1225864887237549,0.6419391632080078,0.40063727105116964
2020-06-30,1.1247202157974243,0.6427395939826965,0.4018708032080812
2020-07-01,1.1235954761505127,0.6451113224029541,0.3980787275024379
2020-07-02,1.1251378059387207,0.6479201316833496,0.39646216345958674
2020-07-03,1.1237848997116089,0.65091872215271,0.3917369282524876
2020-07-06,1.1247202157974243,0.6538383364677429,0.3893887349476154
2020-07-07,1.1312856674194336,0.6558882594108582,0.39364876519966907
2020-07-08,1.1275228261947632,0.6549388766288757,0.390953635988858
2020-07-09,1.1339154243469238,0.6574016809463501,0.3945764706615702
2020-07-10,1.128795504570007,0.6569395661354065,0.38997626279094755
2020-07-13,1.1310042142868042,0.6574997901916504,0.39155492320976215
2020-07-14,1.134549617767334,0.6538383364677429,0.39921813691752506
2020-07-15,1.1410704851150513,0.654360294342041,0.40515199057203743
2020-07-16,1.1417193412780762,0.6573001742362976,0.40249454590259204
2020-07-17,1.139211654663086,0.6542105078697205,0.40346161568830596
2020-07-20,1.1442956924438477,0.6562497615814209,0.4062522311228741
2020-07-21,1.1458691358566284,0.6581414937973022,0.4056981604789077
2020-07-22,1.15340256690979,0.6646903157234192,0.4058665371200436
2020-07-23,1.1568717956542969,0.6657390594482422,0.40815630875230435
2020-07-24,1.1596084833145142,0.663561224937439,0.41334227200031637
2020-07-27,1.1652567386627195,0.6644695401191711,0.41796900152109806
2020-07-28,1.1769275665283203,0.6688382029533386,0.42472666487490773
2020-07-29,1.171879529953003,0.6660600900650024,0.42280299979971414
2020-07-30,1.1782865524291992,0.6656593084335327,0.42966075655398617
2020-07-31,1.1872254610061646,0.6696891784667969,0.4340675198988425
2020-08-03,1.1782310009002686,0.6637109518051147,0.4317964010514892
2020-08-04,1.1763322353363037,0.6615402102470398,0.43233893407069524
2020-08-05,1.181544303894043,0.664548933506012,0.43416727792755594
2020-08-06,1.187281847000122,0.664818525314331,0.43960162782427503
2020-08-07,1.1876484155654907,0.6684491634368896,0.4358850425606505
2020-08-10,1.178272724151611,0.6601095795631409,0.43588836460854485
2020-08-11,1.1737778186798096,0.6593479514122009,0.4322500151458528
2020-08-12,1.1736538410186768,0.6569395661354065,0.4348345992396172
2020-08-13,1.179380178451538,0.6576480865478516,0.4397641076475697
2020-08-14,1.1816558837890625,0.6547288298606873,0.4453229201738681
2020-08-17,1.1852554082870483,0.6543817520141602,0.44931278162920596
2020-08-18,1.1876484155654907,0.6554712057113647,0.4504805478108803
2020-08-19,1.1947859525680542,0.6610389947891235,0.45135633728464963
2020-08-20,1.1843500137329102,0.6561594009399414,0.4464081754288258
2020-08-21,1.1873664855957031,0.6542105078697205,0.45161644662092315
2020-08-24,1.1798018217086792,0.6538811326026917,0.44442221069651766
2020-08-25,1.1794538497924805,0.6529998183250427,0.44506539836325
2020-08-26,1.183501958847046,0.6552993655204773,0.44652734911202085
2020-08-27,1.1842728853225708,0.6633411049842834,0.43825422928632274
2020-08-28,1.1819632053375244,0.6645312905311584,0.43460602133211856
2020-08-31,1.1918240785598757,0.6745316982269287,0.433220055404965
2020-09-01,1.193901538848877,0.6732601523399353,0.4367275445985156
2020-09-02,1.1923214197158811,0.6768602132797241,0.4310986599001573
2020-09-03,1.184735894203186,0.6767502427101135,0.42363681147595866
2020-09-04,1.1839784383773804,0.6689102053642273,0.43169656007198753
2020-09-07,1.183445930480957,0.6712896227836609,0.42848806877568557
2020-09-08,1.182172775268555,0.6691021919250488,0.42967498156909867
2020-09-09,1.177024483680725,0.6612619757652283,0.4333440955040603
2020-09-10,1.1806375980377195,0.6682080030441284,0.4291454431900914
2020-09-11,1.1824384927749634,0.6646991968154907,0.434892474971024
2020-09-14,1.1842728853225708,0.6685296297073364,0.4324190168871235
2020-09-15,1.187000036239624,0.6699718832969666,0.4335241545194356
2020-09-16,1.1844412088394165,0.6710913777351379,0.42970630106170005
2020-09-17,1.1803449392318726,0.6721695065498352,0.42439752675132536
2020-09-18,1.1848200559616089,0.6762696504592896,0.424261465572889
2020-09-21,1.1845533847808838,0.6758995056152344,0.4244110733729567
2020-09-22,1.176800012588501,0.6666000485420227,0.4271162245790123
2020-09-23,1.1708368062973022,0.6632398962974548,0.4249319734026622
2020-09-24,1.1658544540405271,0.6545187830924988,0.4297577170160435
2020-09-25,1.1673243045806885,0.6549903750419617,0.43069719729919476
2020-09-28,1.1635348796844482,0.6551792025566101,0.4266954097924631
2020-09-29,1.167883276939392,0.6568015217781067,0.42921928509906293
2020-09-30,1.1742050647735596,0.6600921154022217,0.4318403460906177
2020-10-01,1.1726078987121582,0.6622779369354248,0.42778492193201323
2020-10-02,1.1744946241378784,0.6651412844657898,0.4264514177348183
2020-10-05,1.1720443964004517,0.6639797687530518,0.42530747477979225
2020-10-06,1.1792453527450562,0.6653802394866943,0.4309334084299191
2020-10-07,1.1737639904022217,0.6590003371238708,0.4326271271284876
2020-10-08,1.176747441291809,0.6574103236198425,0.4373987677268717
2020-10-09,1.1767003536224363,0.6589394807815552,0.4356319317077022
2020-10-12,1.181683897972107,0.6664400696754456,0.4321800282853957
2020-10-13,1.1816140413284302,0.6649290323257446,0.433809541761216
2020-10-14,1.1742188930511477,0.6655396819114685,0.4257276337161039
2020-10-15,1.1743981838226318,0.665619432926178,0.4258172334608086
2020-10-16,1.1707134246826172,0.6598917841911316,0.4285740061050609
2020-10-19,1.171550154685974,0.6617783308029175,0.42728905397942063
2020-10-20,1.176885962486267,0.6593087911605835,0.43540220006187247
2020-10-21,1.1829839944839478,0.6580809354782104,0.44288112529696544
2020-10-22,1.1853959560394287,0.6646196842193604,0.43793936112765963
2020-10-23,1.1815024614334106,0.667159914970398,0.4311890263278534
2020-10-26,1.184848070144653,0.6684402823448181,0.43309468515400584
2020-10-27,1.180944323539734,0.6678001284599304,0.4299108799748057
2020-10-28,1.1784114837646484,0.6700795888900757,0.4248144722347511
2020-10-29,1.1748672723770142,0.6649687886238098,0.4270180613637148
2020-10-30,1.1678695678710938,0.6629716753959656,0.4222663864118108
2020-11-02,1.1642121076583862,0.6598482728004456,0.4221216236470101
2020-11-03,1.1642799377441406,0.6632398962974548,0.4183751048495006
2020-11-04,1.176221489906311,0.6729022264480591,0.4194500327380206
2020-11-05,1.17326819896698,0.6700077652931213,0.419751962988106
2020-11-06,1.1817537546157837,0.6764892935752869,0.42094814521833257
2020-11-09,1.1893010139465332,0.6797495484352112,0.4248287978354909
2020-11-10,1.182732105255127,0.6825193166732788,0.415144902355283
2020-11-11,1.1818794012069702,0.6828222870826721,0.41395146625247736
2020-11-12,1.1780297756195068,0.6902502179145813,0.40174810691519247
2020-11-13,1.1803393363952637,0.6839009523391724,0.4111982934350693
2020-11-16,1.1845253705978394,0.6871482729911804,0.4117322672266033
2020-11-17,1.1859441995620728,0.690808117389679,0.40903509587221576
2020-11-18,1.186366319656372,0.6893000602722168,0.411153234403397
2020-11-19,1.1847639083862305,0.6922091841697693,0.4062791116653728
2020-11-20,1.1866477727890017,0.6906601786613464,0.40990504662415717
2020-11-23,1.1866477727890017,0.6946905255317688,0.4053723651228297
2020-11-24,1.1842728853225708,0.6931111812591553,0.40477366834143347
2020-11-25,1.1900511980056765,0.6979097723960876,0.4051553027786967
2020-11-26,1.1920002698898315,0.7004076242446899,0.40429519539585
2020-11-27,1.191599726676941,0.7003389596939087,0.40397187495041076
2020-11-30,1.1971460580825806,0.7035019993782043,0.4059609315293631
2020-12-01,1.193816065788269,0.7018824815750122,0.4044523106017375
2020-12-02,1.2074378728866575,0.7069985866546631,0.4123203511884731
2020-12-03,1.2114603519439695,0.7071500420570374,0.41617249773528675
2020-12-04,1.2145650386810305,0.7073386311531067,0.41906508999646563
2020-12-07,1.212135910987854,0.7041400671005249,0.42023318918674823
2020-12-08,1.2113136053085327,0.7040518522262573,0.4195100933128332
2020-12-09,1.2110936641693115,0.7040716409683228,0.41926789700104794
2020-12-10,1.207875370979309,0.7016411423683167,0.4187830350509465
2020-12-11,1.2144293785095217,0.70940101146698,0.41660999842167024
2020-12-14,1.213340401649475,0.7098491191864014,0.4150170625636205
2020-12-15,1.214889645576477,0.7085816264152527,0.41799177710681523
2020-12-16,1.2154301404953003,0.7086820602416992,0.4184193203215103
2020-12-17,1.2199585437774658,0.7110403180122375,0.4202955371503643
2020-12-18,1.226271629333496,0.7147911787033081,0.42239026200070917
2020-12-21,1.221612811088562,0.7104896903038025,0.42256906134142236
2020-12-22,1.223690629005432,0.7096678018569946,0.42557120628987866
2020-12-23,1.2186651229858398,0.7054275274276733,0.4253144742950201
2020-12-24,1.2191405296325684,0.709679901599884,0.42100749908559787
2020-12-25,1.2184720039367676,0.713749885559082,0.415761714509689
2020-12-28,1.2205095291137695,0.7115614414215088,0.42026044726459544
2020-12-29,1.2223445177078247,0.7107997536659241,0.4229520589014123
2020-12-30,1.225295066833496,0.7148601412773132,0.4213361415649962
2020-12-31,1.2299896478652954,0.7215397357940674,0.41851859635162025
2021-01-01,1.218026876449585,0.7181999087333679,0.4103119215753236
2021-01-04,1.2250697612762451,0.7198387980461121,0.41551164909829985
2021-01-05,1.2251598834991455,0.7178286910057068,0.41786241421141834
2021-01-06,1.230027437210083,0.7256894111633301,0.4138895028231726
2021-01-07,1.2341108322143557,0.7305775880813599,0.4124754680021937
2021-01-08,1.227144479751587,0.7265488505363464,0.4100399871321402
2021-01-11,1.218620538711548,0.7199320793151855,0.4089575188677508
2021-01-12,1.2160701751708984,0.7174013257026672,0.40925333717017354
2021-01-13,1.220889449119568,0.7229298949241638,0.40785497173326346
2021-01-14,1.2162491083145142,0.7190313339233398,0.4075991010242982
2021-01-15,1.2151259183883667,0.7217714786529541,0.40339424003454305
2021-01-18,1.2068113088607788,0.7122507095336914,0.40578704985638936
2021-01-19,1.207729458808899,0.7115817070007324,0.4074575855179422
2021-01-20,1.213886857032776,0.7128803133964539,0.41215452155912513
2021-01-21,1.2115631103515625,0.7186385989189148,0.4033547877963616
2021-01-22,1.2166293859481812,0.7216001749038696,0.4050903623110722
2021-01-25,1.216944694519043,0.7183701395988464,0.40903829153380833
2021-01-26,1.214624047279358,0.719990074634552,0.4048958036918713
2021-01-27,1.216299295425415,0.7236900925636292,0.4024098708376562
2021-01-28,1.2105072736740112,0.7142704129219055,0.4072115793613831
2021-01-29,1.2120037078857422,0.717442512512207,0.4051405496312769
2021-02-01,1.2123857736587524,0.7163375020027161,0.4067653522843059
2021-02-02,1.2068694829940796,0.7165479063987732,0.4010124328270085
2021-02-03,1.203905463218689,0.7196678519248962,0.3945396035555445
2021-02-04,1.2042388916015625,0.7219695448875427,0.39228446042114073
2021-02-05,1.1966731548309326,0.7160297632217407,0.39139882820331906
2021-02-08,1.2048773765563965,0.7211625576019287,0.39383051399448565
2021-02-09,1.2053595781326294,0.7226702570915222,0.3926170993357504
2021-02-10,1.2119992971420288,0.7243799567222595,0.39733402506253157
2021-02-11,1.2121212482452393,0.7218199968338013,0.40033500449844217
2021-02-12,1.2131506204605105,0.7231180667877197,0.3999045178338898
2021-02-15,1.2122093439102173,0.7219487428665161,0.4002783074744487
2021-02-16,1.2132196426391602,0.723358690738678,0.39970292515819805
2021-02-17,1.2092483043670654,0.718989908695221,0.40064488546519905
2021-02-18,1.2048004865646362,0.719398558139801,0.3957374849425903
2021-02-19,1.209189772605896,0.721870481967926,0.3973467513555994
2021-02-22,1.2126356363296509,0.7312721014022827,0.39021919600087096
2021-02-23,1.2166796922683716,0.7329819798469543,0.39234025755601654
2021-02-24,1.215214490890503,0.7338700890541077,0.38987625475885457
2021-02-25,1.2171372175216677,0.7445295453071594,0.3798109511470159
2021-02-26,1.2160420417785645,0.7365506291389465,0.38768916823560995
2021-03-01,1.208956003189087,0.7271193265914917,0.39120993148346195
2021-03-02,1.2051095962524414,0.7274197936058044,0.3870256079055642
2021-03-03,1.208546757698059,0.7292988300323486,0.3883495334623749
2021-03-04,1.2050660848617554,0.7231912612915039,0.3917376649101083
2021-03-05,1.1967735290527344,0.7178286910057068,0.3894760597650072
2021-03-08,1.1925631761550903,0.7178596258163452,0.3852309164018186
2021-03-09,1.185171127319336,0.7132616639137268,0.3830099105382595
2021-03-10,1.1897906064987185,0.7179575562477112,0.38234821045471534
2021-03-11,1.1926058530807495,0.7192174792289734,0.3837464996943958
2021-03-12,1.1986095905303955,0.7227522134780884,0.3857749404616019
2021-03-15,1.1950000524520874,0.7187315821647644,0.38668715739929604
2021-03-16,1.1925773620605469,0.720352053642273,0.38244202310263276
2021-03-17,1.190164566040039,0.7193002700805664,0.38121210291063845
2021-03-18,1.1982792615890503,0.7251210808753967,0.38278049307683537
2021-03-19,1.1918240785598757,0.7168099284172058,0.38567234845728693
2021-03-22,1.1883116960525513,0.7152001261711121,0.3839704108313232
2021-03-23,1.193303108215332,0.7133176326751709,0.3910789468347444
2021-03-24,1.1840205192565918,0.6990220546722412,0.39787370904401254
2021-03-25,1.1813069581985474,0.6969515085220337,0.39748876299962
2021-03-26,1.1776621341705322,0.6967815160751343,0.39403511894796894
2021-03-29,1.1788004636764526,0.6994082927703857,0.3922192753969591
2021-03-30,1.177100658416748,0.7009722590446472,0.3887605741345137
2021-03-31,1.1723604202270508,0.6992420554161072,0.3859661888038264
2021-04-01,1.1728830337524414,0.6983581781387329,0.387482844359197
2021-04-02,1.177994966506958,0.7024997472763062,0.38793701081719134
2021-04-05,1.176816701889038,0.7031112313270569,0.38607104796030967
2021-04-06,1.1818934679031372,0.7066688537597656,0.387146776369485
2021-04-07,1.1874228715896606,0.7063693404197693,0.3930130241588239
2021-04-08,1.1873664855957031,0.7013409733772278,0.3986117311403313
2021-04-09,1.1915684938430786,0.7061498761177063,0.3974054643200162
2021-04-12,1.1900511980056765,0.703982412815094,0.3983257802149083
2021-04-13,1.1914690732955933,0.7032397985458374,0.40057882777885034
2021-04-14,1.1954143047332764,0.706119954586029,0.4012849261036694
2021-04-15,1.1986095905303955,0.7140001058578491,0.395617893830955
2021-04-16,1.1971746683120728,0.7175711989402771,0.39016678440228836
2021-04-19,1.1969454288482666,0.7127177715301514,0.395395894144442
2021-04-20,1.204529047012329,0.7190881967544556,0.3958150896178174
2021-04-21,1.2032392024993896,0.7165479063987732,0.39738215233231855
2021-04-22,1.2037750482559204,0.7204403877258301,0.39354036542529536
2021-04-23,1.2014753818511963,0.7154299020767212,0.3968756819003457
2021-04-26,1.2089852094650269,0.7191709280014038,0.4001782093611206
2021-04-27,1.2081671953201294,0.7230082750320435,0.3950445686810482
2021-04-28,1.2090305089950562,0.7204195857048035,0.3988192209090844
2021-04-29,1.213592290878296,0.727300226688385,0.39564277203793563
2021-04-30,1.2127091884613037,0.7247374653816223,0.3976418485353017
2021-05-03,1.2027760744094849,0.7169898152351379,0.3964220367442499
2021-05-04,1.2061271667480469,0.7198076248168945,0.39660411317025535
2021-05-05,1.2015043497085571,0.7162697911262512,0.3959600785631252
2021-05-06,1.2007973194122314,0.7219278216362,0.38888981178842075
2021-05-07,1.2068549394607544,0.7232906818389893,0.3934147073770683
2021-05-10,1.2171076536178589,0.7296074628829956,0.39656332913055714
2021-05-11,1.2140932083129885,0.7271299362182617,0.3963352046172538
2021-05-12,1.2144500017166138,0.7262691855430603,0.397660030993766
2021-05-13,1.2078505754470823,0.7164093852043152,0.40214931148796007
2021-05-14,1.207729458808899,0.7182979583740234,0.39990423357660143
2021-05-17,1.2150373458862305,0.7243909239768982,0.4003597396147097
2021-05-18,1.215687274932861,0.7219122052192688,0.4037973301259534
2021-05-19,1.2223997116088867,0.7237984538078308,0.40838841984124363
2021-05-20,1.217285394668579,0.7163118720054626,0.4116937977646222
2021-05-21,1.222538709640503,0.7196574807167053,0.41318451383285903
2021-05-24,1.2183235883712769,0.7173189520835876,0.41159939087803266
2021-05-25,1.2214635610580444,0.7214798927307129,0.41005981133128
2021-05-26,1.2249093055725098,0.7224389910697937,0.4124269173465608
2021-05-27,1.21925950050354,0.7278285026550293,0.40071586240283097
2021-05-28,1.2193188667297363,0.7284275889396667,0.4001014733897442
2021-05-31,1.2190067768096924,0.7242912650108337,0.40444125080481985
2021-06-01,1.223286509513855,0.7277278900146484,0.40485602421823097
2021-06-02,1.2217769622802734,0.7253314852714539,0.406041564975434
2021-06-03,1.220986247062683,0.7233482599258423,0.40748126047087374
2021-06-04,1.213300704956055,0.7148601412773132,0.40934177968755503
2021-06-07,1.2168411016464231,0.7209701538085938,0.40601062371414176
2021-06-08,1.2193634510040283,0.7225485444068909,0.40675785492514915
2021-06-09,1.217285394668579,0.7190313339233398,0.40863538737836314
2021-06-10,1.218200445175171,0.7171800136566162,0.41163250312544164
2021-06-11,1.2172558307647705,0.7189486026763916,0.4086988661839491
2021-06-14,1.2110203504562378,0.7138981223106384,0.4081433483358853
2021-06-15,1.212224006652832,0.7143775820732117,0.40880778583336563
2021-06-16,1.2127091884613037,0.7122507095336914,0.41168492945691426
2021-06-17,1.1995586156845093,0.7071185111999512,0.40430622227789403
2021-06-18,1.1913414001464844,0.7015377879142761,0.4023653005712128
2021-06-21,1.1873664855957031,0.6949077248573303,0.40584680730054423
2021-06-22,1.1912561655044556,0.6986313462257385,0.4055487608827131
2021-06-23,1.1936734914779663,0.7017987370491028,0.40440391857291846
2021-06-24,1.193317413330078,0.7045577764511108,0.40094491969364265
2021-06-25,1.1930327415466309,0.7063194513320923,0.39867900128277045
2021-06-28,1.1942152976989746,0.70689857006073,0.3992102584693522
2021-06-29,1.1928904056549072,0.7048904895782471,0.40014373017132465
2021-06-30,1.1901928186416626,0.6989800930023193,0.4040932001203036
2021-07-01,1.1856770515441897,0.6996676325798035,0.3988041998435321
2021-07-02,1.1846235990524292,0.6963691115379333,0.4014603896701404
2021-07-05,1.1856207847595217,0.7025876045227051,0.3954640214662626
2021-07-06,1.186380386352539,0.7052086591720581,0.39327588523297075
2021-07-07,1.1824523210525513,0.7017691731452942,0.39321599683904496
2021-07-08,1.17933988571167,0.7013409733772278,0.3905851312562981
2021-07-09,1.184800386428833,0.6949077248573303,0.4032807081336741
2021-07-12,1.187295913696289,0.7006186246871948,0.39935354007315993
2021-07-13,1.186521053314209,0.6986606121063232,0.40078073516918644
2021-07-14,1.1775373220443726,0.6944106817245483,0.39657663737575644
2021-07-15,1.1833338737487793,0.7038784027099609,0.3917254296812773
2021-07-16,1.1811814308166504,0.7011492252349854,0.3926423236207327
2021-07-19,1.1814005374908447,0.6994816660881042,0.39473683078536803
2021-07-20,1.1793843507766724,0.693600058555603,0.39933532377935754
2021-07-21,1.1784114837646484,0.6923816800117493,0.39973269165403
2021-07-22,1.179273009300232,0.696097731590271,0.39641500413687225
2021-07-23,1.177273869514465,0.69810950756073,0.3921533445186228
2021-07-26,1.177343249320984,0.6983678936958313,0.3919321334424145
2021-07-27,1.1807769536972046,0.7004797458648682,0.3929907684839381
2021-07-28,1.1823126077651978,0.6963497400283813,0.39917118431990695
2021-07-29,1.1845955848693848,0.6960588693618774,0.4017812856473256
2021-07-30,1.189299702644348,0.7011098861694336,0.40080483765894925
2021-08-02,1.186704158782959,0.6974901556968689,0.40228018046818226
2021-08-03,1.1874650716781616,0.6987192630767822,0.40165879241927427
2021-08-04,1.1869436502456665,0.7045776844024658,0.3945487673693626
2021-08-05,1.1837401390075684,0.7044088840484619,0.3915350954345824
2021-08-06,1.1835720539093018,0.7048507928848267,0.3908700228381521
2021-08-09,1.1749500036239624,0.6993300318717957,0.38845683052994084
2021-08-10,1.17384672164917,0.6991980075836182,0.38750202809499634
2021-08-11,1.172333002090454,0.7006480693817139,0.38435751384308803
2021-08-12,1.1741899251937866,0.7041807174682617,0.3822414864418111
2021-08-13,1.173626184463501,0.7005204558372498,0.38579421526571256
2021-08-16,1.179467797279358,0.703982412815094,0.3877423794885897
2021-08-17,1.177994966506958,0.7028493285179138,0.3875438584464427
2021-08-18,1.1709738969802856,0.6927894949913025,0.39183646062061983
2021-08-19,1.1703298091888428,0.6874505877494812,0.39719671113313315
2021-08-20,1.1676595211029053,0.6820305585861206,0.4006219941519342
2021-08-23,1.1697548627853394,0.6830880641937256,0.40152802477523386
2021-08-24,1.1744533777236938,0.6894079446792603,0.399118961560053
2021-08-25,1.175309181213379,0.6938084959983826,0.3950257375339655
2021-08-26,1.177440166473389,0.6972820162773132,0.39325026967244925
2021-08-27,1.1756407022476196,0.694531261920929,0.3945444085003974
2021-08-30,1.1799006462097168,0.7012377381324768,0.3912619940401313
2021-08-31,1.1796904802322388,0.6998194456100464,0.39264689381916906
2021-09-01,1.1810280084609983,0.7051689028739929,0.3879682187875151
2021-09-02,1.1840906143188477,0.7065889835357666,0.38943374787927965
2021-09-03,1.1876484155654907,0.7110706567764282,0.3879512888093677
2021-09-06,1.1885942220687866,0.7151899337768555,0.38426439960210224
2021-09-07,1.187507390975952,0.7136587500572205,0.38489959600324253
2021-09-08,1.184356927871704,0.7097585201263428,0.38613547993734787
2021-09-09,1.1819101572036743,0.7098290324211121,0.38360940845864533
2021-09-10,1.182592272758484,0.7105098962783813,0.38352579860321423
2021-09-13,1.1811953783035278,0.711657702922821,0.3808380371058867
2021-09-14,1.1811953783035278,0.7114601731300354,0.38106018662961405
2021-09-15,1.180498123168945,0.7095721364021301,0.3824862894653358
2021-09-16,1.1819995641708374,0.7132006287574768,0.3799069898497178
2021-09-17,1.176747441291809,0.7070900201797485,0.38152708997099405
2021-09-20,1.1729930639266968,0.7033585906028748,0.38196922034091685
2021-09-21,1.1730204820632937,0.7017691731452942,0.38378415784978737
2021-09-22,1.17229163646698,0.6997313499450684,0.385347125792012
2021-09-23,1.168770432472229,0.6991002559661865,0.38253567410783007
2021-09-24,1.1740258932113647,0.7065390348434448,0.3794252009724254
2021-09-27,1.172305464744568,0.7016608715057373,0.38319094067729376
2021-09-28,1.1696795225143433,0.700790524482727,0.38154382383797636
2021-09-29,1.1686338186264038,0.6960008144378662,0.3858848101816864
2021-09-30,1.1601601839065552,0.6872379779815674,0.38726619488860525
2021-10-01,1.1574475765228271,0.6896799206733704,0.38180728580373424
2021-10-04,1.160725712776184,0.6941889524459839,0.3800143932941298
2021-10-05,1.1618449687957764,0.6961801052093506,0.3788943231249359
2021-10-06,1.1596084833145142,0.6956700682640076,0.3772314446064182
2021-10-07,1.1555349826812744,0.6915820240974426,0.3777555140499338
2021-10-08,1.1559758186340332,0.6938180923461914,0.3756815825365992
2021-10-11,1.1566041707992554,0.6921613216400146,0.37817320210119587
2021-10-12,1.1553747653961182,0.6943287253379822,0.3745062519994167
2021-10-13,1.15340256690979,0.6925591230392456,0.3745242156162698
2021-10-14,1.1599582433700562,0.6972284913063049,0.37582854278888334
2021-10-15,1.159151554107666,0.7035713195800781,0.3678884674168218
2021-10-18,1.1597026586532593,0.7084611654281616,0.36294026519489897
2021-10-19,1.161386251449585,0.7091901898384094,0.3638039693899241
2021-10-20,1.1631964445114136,0.7155686020851135,0.35844075725165725
2021-10-21,1.1655012369155884,0.71986985206604,0.35590820020479397
2021-10-22,1.1625338792800903,0.7155993580818176,0.35774360265574645
2021-10-25,1.164008855819702,0.7150722742080688,0.3598113577826608
2021-10-26,1.161170482635498,0.7166198492050171,0.355232522850099
2021-10-27,1.159823656082153,0.7168099284172058,0.3536719259795643
2021-10-28,1.1600120067596436,0.7163888216018677,0.3543338694105653
2021-10-29,1.1683608293533323,0.7195124626159668,0.35916972642173806
2021-11-01,1.1556684970855713,0.7176483869552612,0.34857380459605636
2021-11-02,1.1599582433700562,0.7179214954376221,0.35255640268569544
2021-11-03,1.1579434871673584,0.7125806212425232,0.35654819689747974
2021-11-04,1.1615750789642334,0.7176278233528137,0.35450351308476247
2021-11-05,1.1555349826812744,0.7109695672988892,0.3559515449994548
2021-11-08,1.1568851470947266,0.7109189629554749,0.3573586209837111
2021-11-09,1.159151554107666,0.7162498235702515,0.353629739235755
2021-11-10,1.1595547199249268,0.712520182132721,0.3582274017784819
2021-11-11,1.148593544960022,0.7066788077354431,0.3538356588064354
2021-11-12,1.145081877708435,0.7024001479148865,0.3551359352516643
2021-11-15,1.144164800643921,0.7043195366859436,0.35206024051573503
2021-11-16,1.1366478204727173,0.704170823097229,0.34471050930702385
2021-11-17,1.1321182250976562,0.6991999745368958,0.3457713194329568
2021-11-18,1.1321182250976562,0.7003781795501709,0.34444626522791166
2021-11-19,1.1368415355682373,0.7042104601860046,0.34485964702376337
2021-11-22,1.1275737285614014,0.6991393566131592,0.3412949961210926
2021-11-23,1.12421452999115,0.6949608325958252,0.34263512471179025
2021-11-24,1.124492645263672,0.6952894330024719,0.34254368345917396
2021-11-25,1.1202975511550903,0.6875309348106384,0.34707409173607817
2021-11-26,1.1209630966186523,0.6844392418861389,0.3512166727445225
2021-11-29,1.1293182373046875,0.6826311349868774,0.3616052792731258
2021-11-30,1.1293437480926514,0.6830694675445557,0.3611378245820639
2021-12-01,1.1330289840698242,0.6824913620948792,0.3654732199529097
2021-12-02,1.1319515705108645,0.6814100742340088,0.3656118638803527
2021-12-03,1.1306205987930298,0.6812081933021545,0.3645079351428634
2021-12-06,1.13047993183136,0.6757396459579468,0.3705174046789058
2021-12-07,1.128668189048767,0.6749687790870667,0.3695726081215289
2021-12-08,1.127650022506714,0.6786198616027832,0.36444829520774336
2021-12-09,1.1345586776733398,0.6808279156684875,0.3688736887248575
2021-12-10,1.1293309926986694,0.6795694231987,0.36506135228488246
2021-12-13,1.131183385848999,0.6795879006385803,0.3668929650029985
2021-12-14,1.1285407543182373,0.6752012372016907,0.3691837421470231
2021-12-15,1.1261261701583862,0.673632025718689,0.3685339529513154
2021-12-16,1.1290758848190308,0.6778098344802856,0.3667851448548384
2021-12-17,1.1334141492843628,0.6796294450759888,0.3690770059827081
2021-12-20,1.124353528022766,0.6731604337692261,0.36729168107270505
2021-12-21,1.127751708030701,0.671312153339386,0.37276850760485947
2021-12-22,1.128757357597351,0.6765991449356079,0.3678282051787082
2021-12-23,1.1328877210617063,0.6805823445320129,0.3674789107607065
2021-12-24,1.132733702659607,0.6822212934494019,0.3654816680212708
2021-12-27,1.1324259042739868,0.6815192699432373,0.36596339199245853
2021-12-28,1.1330032348632812,0.6817998886108398,0.36622512814671726
2021-12-29,1.1314777135849,0.6805600523948669,0.36609397386986087
2021-12-30,1.1360150575637815,0.6839711666107178,0.366795048961176
2021-12-31,1.132502794265747,0.6830414533615112,0.36432837657174133
2022-01-03,1.1373459100723269,0.6840693950653076,0.36801543001072834
2022-01-04,1.1302244663238523,0.6789695620536804,0.36662945258682833
2022-01-05,1.1283625364303589,0.6813613176345825,0.36207766332742986
2022-01-06,1.1313496828079224,0.6793201565742493,0.36736037712806047
2022-01-07,1.1296881437301636,0.674040675163269,0.3716363438029132
2022-01-10,1.1353960037231443,0.6775985956192017,0.3733428310227087
2022-01-11,1.1330417394638062,0.6766495108604431,0.37205594360896843
2022-01-12,1.1366478204727173,0.678380012512207,0.37371583659060803
2022-01-13,1.144164800643921,0.6846923232078552,0.3741337518821186
2022-01-14,1.1457115411758425,0.6861910820007324,0.3739949312269173
2022-01-17,1.1410704851150513,0.6808279156684875,0.3753854961665689
2022-01-18,1.1410574913024902,0.6797999143600464,0.3765286317552531
2022-01-19,1.1329647302627563,0.6771718859672546,0.37139145147914765
2022-01-20,1.1343399286270142,0.6780300140380859,0.37180156635121975
2022-01-21,1.1313753128051758,0.6750781536102295,0.3721567251259643
2022-01-24,1.1341469287872314,0.6722598671913147,0.37809789328979504
2022-01-25,1.132413029670715,0.6704614758491516,0.37838653353052165
2022-01-26,1.130454421043396,0.6690887808799744,0.3779717099157076
2022-01-27,1.124353528022766,0.666058361530304,0.3752789418453939
2022-01-28,1.1147029399871826,0.6584405303001404,0.37419565677586486
2022-01-31,1.1152374744415283,0.6551920771598816,0.3783835252806461
2022-02-01,1.12296462059021,0.657799482345581,0.3831782843093956
2022-02-02,1.1273956298828125,0.6637285947799683,0.38094118807295196
2022-02-03,1.1299946308135986,0.66118985414505,0.3863953533562188
2022-02-04,1.14357590675354,0.666640043258667,0.393847139163357
2022-02-07,1.145514726638794,0.6619886159896851,0.40101713120692073
2022-02-08,1.1442956924438477,0.663790225982666,0.3977719378375072
2022-02-09,1.142126202583313,0.6649501919746399,0.39429790606953175
2022-02-10,1.142152190208435,0.667931318283081,0.3909712055747908
2022-02-11,1.1415525674819946,0.6667110919952393,0.3917438957782682
2022-02-14,1.1365057229995728,0.6646682024002075,0.38899456269483024
2022-02-15,1.1306334733963013,0.6618002653121948,0.386347704305701
2022-02-16,1.1356796026229858,0.6640812158584595,0.3888285897261091
2022-02-17,1.1375269889831543,0.6681097745895386,0.3861453055945192
2022-02-18,1.1366478204727173,0.6691021919250488,0.38415002677326104
2022-02-21,1.131721019744873,0.6689589619636536,0.3793843079118975
2022-02-22,1.1309658288955688,0.6695995330810547,0.37790870640130836
2022-02-23,1.13291335105896,0.6741815805435181,0.3747030835776687
2022-02-24,1.1305694580078125,0.6770801544189453,0.3690993440150959
2022-02-25,1.11906898021698,0.6687889695167542,0.3669234483603685
2022-02-28,1.118105411529541,0.6693216562271118,0.3653607999223104
2022-03-01,1.1215918064117432,0.6769197583198547,0.36030207997737007
2022-03-02,1.1132758855819702,0.6767502427101135,0.35217680285474284
2022-03-03,1.1112345457077026,0.6783018112182617,0.34839050997741305
2022-03-04,1.1066844463348389,0.680971622467041,0.34083783925065747
2022-03-07,1.087453007698059,0.6874505877494812,0.31431990964234946
2022-03-08,1.0865312814712524,0.683821439743042,0.31747966140322836
2022-03-09,1.0898232460021973,0.6804294586181641,0.3245863770193509
2022-03-10,1.107382893562317,0.6838401556015015,0.3383102249274702
2022-03-11,1.1013944149017334,0.6874411702156067,0.3282719081630874
2022-03-14,1.093206763267517,0.6812685132026672,0.3270262615612215
2022-03-15,1.0943193435668943,0.674900472164154,0.33530058320519374
2022-03-16,1.0969363451004028,0.6762194037437439,0.3364342640805732
2022-03-17,1.1021955013275146,0.6830694675445557,0.3339895778169272
2022-03-18,1.1099518537521362,0.6892321705818176,0.3348151198291327
2022-03-21,1.1043134927749634,0.689869225025177,0.3284603031761607
2022-03-22,1.101722002029419,0.6879708170890808,0.3280038342564212
2022-03-23,1.1029735803604126,0.6964321732521057,0.3197394493739888
2022-03-24,1.1006306409835815,0.6976322531700134,0.3160468544417179
2022-03-25,1.1009578704833984,0.696548581123352,0.31759282277402967
2022-03-28,1.098189115524292,0.6957489848136902,0.3157233242605487
2022-03-29,1.099384307861328,0.6907795071601868,0.3225073803245756
2022-03-30,1.1091516017913818,0.6943190693855286,0.32829394784635324
2022-03-31,1.116183519363403,0.6970681548118591,0.33223413930692147
2022-04-01,1.1072357892990112,0.6934000253677368,0.3274117272388205
2022-04-04,1.1047282218933103,0.6907699704170227,0.3278620197409263
2022-04-05,1.0975863933563232,0.6948497891426086,0.3161318717712015
2022-04-06,1.090643286705017,0.6947677135467529,0.30928107045911457
2022-04-07,1.0898232460021973,0.6911519169807434,0.31252749220586484
2022-04-08,1.0864840745925903,0.6884918212890625,0.31217996566482453
2022-04-11,1.0884946584701538,0.6835409998893738,0.31975843173620866
2022-04-12,1.087795972824097,0.6817794442176819,0.3210408586502723
2022-04-13,1.0826143026351929,0.6856500506401062,0.31150615714820906
2022-04-14,1.089656949043274,0.6800777912139893,0.3248155786090068
2022-04-15,1.0820988416671753,0.6783432364463806,0.3192082175485361
2022-04-18,1.081525444984436,0.6760411262512207,0.32122386161864036
2022-04-19,1.0781787633895874,0.673632025718689,0.3205865461825166
2022-04-20,1.0794472694396973,0.6746591329574585,0.3206999283361658
2022-04-21,1.0849870443344116,0.6783478260040283,0.32209125862454524
2022-04-22,1.0835175514221191,0.6724497079849243,0.3272550137421022
2022-04-25,1.0811045169830322,0.6625105142593384,0.3360199748916065
2022-04-26,1.0714209079742432,0.6618615388870239,0.32706622828907694
2022-04-27,1.0643619298934937,0.6575616598129272,0.3248430578853626
2022-04-28,1.0555092096328735,0.6542190313339233,0.3197495848458144
2022-04-29,1.050420165061951,0.6493085026741028,0.32018310771975655
2022-05-02,1.0535964965820312,0.6456194519996643,0.3275082860480856
2022-05-03,1.0509058237075806,0.6441307067871094,0.32649191270717115
2022-05-04,1.052853226661682,0.643430233001709,0.32922709514312054
2022-05-05,1.0622477531433103,0.6551019549369812,0.32549515886470803
2022-05-06,1.0539740324020386,0.6430289149284363,0.3307992384644237
2022-05-09,1.053219199180603,0.6389204859733582,0.3346649008288307
2022-05-10,1.056579828262329,0.6323590874671936,0.345404728423218
2022-05-11,1.0532968044281006,0.6289980411529541,0.34590166520862264
2022-05-12,1.05124831199646,0.6284801959991455,0.3444355611481781
2022-05-13,1.0379581451416016,0.6247188448905945,0.3353755529218102
2022-05-16,1.0400632619857788,0.6288912296295166,0.33278824707122534
2022-05-17,1.0438958406448364,0.6311417818069458,0.3340897690866803
2022-05-18,1.0547856092453003,0.6359097957611084,0.3396172477049325
2022-05-19,1.0472739934921265,0.6295603513717651,0.33924645879683557
2022-05-20,1.057898759841919,0.6381499171257019,0.34021107254710126
2022-05-23,1.056981921195984,0.6421493887901306,0.3347962758317312
2022-05-24,1.0682048797607422,0.6447494626045227,0.34309509241579017
2022-05-25,1.0736525058746338,0.6448908448219299,0.3483837147064225
2022-05-26,1.0686614513397217,0.6479789614677429,0.3399196466457661
2022-05-27,1.0732953548431396,0.6482393741607666,0.3442606801222785
2022-05-30,1.073145627975464,0.6534098386764526,0.33829605205205104
2022-05-31,1.0773539543151855,0.6558279991149902,0.3397848231178979
2022-06-01,1.0734105110168457,0.6518607139587402,0.3403031397167505
2022-06-02,1.0654165744781494,0.6480587720870972,0.3365850117237621
2022-06-03,1.0751069784164429,0.6560388207435608,0.33730074919096453
2022-06-06,1.0726046562194824,0.6509103178977966,0.34056613650533574
2022-06-07,1.0691413879394531,0.6485589146614075,0.33974734580860333
2022-06-08,1.0698620080947876,0.6480713486671448,0.34101630123976456
2022-06-09,1.071765422821045,0.6443713903427124,0.3470808299326418
2022-06-10,1.0619205236434937,0.6385695934295654,0.3437608524028206
2022-06-13,1.0489987134933472,0.6337296366691589,0.33628224185321387
2022-06-14,1.0415147542953491,0.6275415420532227,0.3357576494035124
2022-06-15,1.0440592765808103,0.6226804852485657,0.343769101202428
2022-06-16,1.0456204414367676,0.6292592883110046,0.3379314937192519
2022-06-17,1.0546854734420776,0.6360716223716736,0.33933511553571105
2022-06-20,1.049141764640808,0.632559061050415,0.3377417668982253
2022-06-21,1.0520778894424438,0.6337416768074036,0.3393478770045456
2022-06-22,1.053263545036316,0.631780207157135,0.34273947602835775
2022-06-23,1.0564124584197998,0.6271007657051086,0.3511510673867332
2022-06-24,1.052011489868164,0.6286184787750244,0.3450432209465426
2022-06-27,1.0566133260726929,0.6314287781715393,0.34648448747870475
2022-06-28,1.0580891370773315,0.6294097900390625,0.35023092938775446
2022-06-29,1.0523545742034912,0.6237096786499023,0.35090692875081775
2022-06-30,1.04465913772583,0.6225099563598633,0.3445607456266826
2022-07-01,1.0477677583694458,0.6240288615226746,0.34596114770869735
2022-07-04,1.0433948040008545,0.6208789348602295,0.3451307207632871
2022-07-05,1.0433186292648315,0.6215696930885315,0.3442776930307413
2022-07-06,1.0257673263549805,0.6165912747383118,0.3323253088957264
2022-07-07,1.0186411142349243,0.6155001521110535,0.3264262148147028
2022-07-08,1.0169836282730105,0.6179094910621643,0.3220590945594549
2022-07-11,1.0166114568710327,0.6186090111732483,0.32090021621406595
2022-07-12,1.004752516746521,0.6122311353683472,0.31621407798677903
2022-07-13,1.0033109188079834,0.612321138381958,0.314671259233266
2022-07-14,1.0032706260681152,0.6108586192131042,0.31627577121992145
2022-07-15,1.0025665760040283,0.6130305528640747,0.31312908189961774
2022-07-18,1.009631872177124,0.6189689040184021,0.31351588232756045
2022-07-19,1.0145177841186523,0.6153202652931213,0.322505192261077
2022-07-20,1.0231330394744873,0.6233597993850708,0.322078881560824
2022-07-21,1.0182781219482422,0.6225215792655945,0.31816665828689583
2022-07-22,1.0221081972122192,0.6243990063667297,0.3198853075706781
2022-07-25,1.0200231075286863,0.6233908534049988,0.31893402508217394
2022-07-26,1.022494912147522,0.625840961933136,0.31865034438950124
2022-07-27,1.0129557847976685,0.624130129814148,0.3110352839616597
2022-07-28,1.0209290981292725,0.6260290145874023,0.3168730391982403
2022-07-29,1.0192328691482544,0.6295682787895203,0.3111964189772074
2022-08-01,1.0208247900009155,0.6279119849205017,0.31465107096002454
2022-08-02,1.0261356830596924,0.6331799030303955,0.31403746279473643
2022-08-03,1.015568733215332,0.6221303939819336,0.3158972114140409
2022-08-04,1.015764594078064,0.6267392039299011,0.31090982917985865
2022-08-05,1.024779200553894,0.6297110319137573,0.31658220478558474
2022-08-08,1.0170871019363403,0.6239704489707947,0.3153461842548475
2022-08-09,1.0197629928588867,0.6289387345314026,0.31243455212344884
2022-08-10,1.0208144187927246,0.6285789608955383,0.31389059318257906
2022-08-11,1.0300782918930054,0.64063960313797,0.3095906089415512
2022-08-12,1.0316723585128784,0.6434219479560852,0.30805554467198704
2022-08-15,1.0256409645080566,0.6449490785598755,0.3003066814615467
2022-08-16,1.0161981582641602,0.6362901926040649,0.30060198795480375
2022-08-17,1.0170663595199585,0.6343407034873962,0.3036626588764295
2022-08-18,1.0180189609527588,0.6276084780693054,0.31218657726938737
2022-08-19,1.0089900493621826,0.6245003938674927,0.3066531354780765
2022-08-22,1.0035223960876465,0.6176198124885559,0.30892364592427657
2022-08-23,0.9939467906951904,0.6176690459251404,0.2992926707350194
2022-08-24,0.9966909885406494,0.620728611946106,0.29859596417418655
2022-08-25,0.9969095587730408,0.6181692481040955,0.301692892402755
2022-08-26,0.9971283078193665,0.6216701865196228,0.29797435284749574
2022-08-29,0.993867814540863,0.6112992763519287,0.30637737990120373
2022-08-30,1.0014019012451172,0.6160708069801331,0.30854522163776044
2022-08-31,1.0025062561035156,0.6132185459136963,0.3128573378597459
2022-09-01,1.003905177116394,0.6111199259757996,0.31661644673651024
2022-09-02,0.995232880115509,0.6084908843040466,0.3109008700713428
2022-09-05,0.9909427762031556,0.6086316108703613,0.3064524997059054
2022-09-06,0.9952229857444764,0.6105490922927856,0.30857623665268474
2022-09-07,0.98979514837265,0.6033000349998474,0.31130096504012283
2022-09-08,0.9995701909065248,0.6062516570091248,0.3177565011120239
2022-09-09,1.0012015104293823,0.6070399284362793,0.31850130058319315
2022-09-12,1.0071406364440918,0.611291766166687,0.3196586480446225
2022-09-13,1.0129557847976685,0.6146697402000427,0.3216747982213124
2022-09-14,0.9982032775878906,0.6005104780197144,0.3228463362167291
2022-09-15,0.9984025359153748,0.6016883254051208,0.32172094254108197
2022-09-16,0.9988313317298888,0.595770001411438,0.3288057107935757
2022-09-19,1.002234935760498,0.5995599627494812,0.3279469800425897
2022-09-20,1.0029587745666504,0.5966800451278687,0.3319096838269969
2022-09-21,0.997078537940979,0.5901898741722107,0.33332854049948646
2022-09-22,0.983071506023407,0.5829408168792725,0.3274740743411789
2022-09-23,0.9841550588607788,0.5848295092582703,0.3264335318380709
2022-09-26,0.968992292881012,0.5741912722587585,0.3232349321210881
2022-09-27,0.9623712301254272,0.5665497779846191,0.32520778469152134
2022-09-28,0.959619164466858,0.5631391406059265,0.32629145165130025
2022-09-29,0.9708172082901,0.5718501210212708,0.32769279532527706
2022-09-30,0.9829555749893188,0.5742308497428894,0.3371537038842667
2022-10-03,0.9792688488960266,0.5618608593940735,0.34737873978772826
2022-10-04,0.983206868171692,0.5719612836837769,0.3399574374453267
2022-10-05,0.998432457447052,0.5737300515174866,0.3531938030886377
2022-10-06,0.9910998940467834,0.5776006579399109,0.3415082083752098
2022-10-07,0.9789045453071594,0.566068708896637,0.3422821284809795
2022-10-10,0.9735012650489808,0.56067955493927,0.3429396958956472
2022-10-11,0.9710057377815248,0.5572396516799927,0.34431281476981934
2022-10-12,0.9700167775154114,0.5584813952445984,0.3419273424253074
2022-10-13,0.9707984328269958,0.561138927936554,0.3397202353153741
2022-10-14,0.975134015083313,0.5639108419418335,0.34093841757140675
2022-10-17,0.973937451839447,0.5576000809669495,0.346839176332274
2022-10-18,0.9846396446228028,0.5656684637069702,0.348467358771828
2022-10-19,0.9863878488540648,0.5694792866706848,0.3459297664431892
2022-10-20,0.9766482710838318,0.566270649433136,0.3397987442436542
2022-10-21,0.9778899550437928,0.5669191479682922,0.3403111020665741
2022-10-24,0.9860085844993592,0.5763987898826599,0.33776856539279443
2022-10-25,0.9886503219604492,0.5704994797706604,0.34704489155677987
2022-10-26,0.9963731169700624,0.5743198990821838,0.3504710975884717
2022-10-27,1.009193778038025,0.5839995741844177,0.3524056275899641
2022-10-28,0.9967803955078124,0.5828015208244324,0.34133962147101304
2022-10-31,0.9955002665519714,0.5801911354064941,0.34299523131771936
2022-11-01,0.9886307716369628,0.5825197100639343,0.3335069327082453
2022-11-02,0.9877909421920776,0.5847885012626648,0.33011553432215324
2022-11-03,0.9814409017562866,0.5813412666320801,0.32764238516722344
2022-11-04,0.9749630093574524,0.5769208669662476,0.3261358424903782
2022-11-07,0.9928810596466064,0.5894210338592529,0.32999572928615184
2022-11-08,1.0018634796142578,0.5940182209014893,0.33380797771908777
2022-11-09,1.008084774017334,0.5963206887245178,0.33743982916740667
2022-11-10,1.0019538402557373,0.5886300206184387,0.33995811349497684
2022-11-11,1.0192224979400637,0.6017788648605347,0.3424390804479248
2022-11-14,1.0328551530838013,0.610530436038971,0.3462293855251799
2022-11-15,1.0319278240203855,0.6089985370635986,0.3470248883595668
2022-11-16,1.0357863903045654,0.6165608167648315,0.34237862704163746
2022-11-17,1.039501070976257,0.6150288581848145,0.3478162066447841
2022-11-18,1.036172866821289,0.6128915548324585,0.3468916951940457
2022-11-21,1.0330898761749268,0.6167814135551453,0.3394340213648307
2022-11-22,1.0245691537857056,0.6098490357398987,0.33870971494019575
2022-11-23,1.0311086177825928,0.6156498193740845,0.338725396861442
2022-11-24,1.04162335395813,0.6252813935279846,0.3384080981279165
2022-11-25,1.040810227394104,0.6259702444076538,0.3368202636442412
2022-11-28,1.0367528200149536,0.6216701865196228,0.3375988650430829
2022-11-29,1.034554123878479,0.616401195526123,0.3413258767364147
2022-11-30,1.0324499607086182,0.6196900010108948,0.33552299773351013
2022-12-01,1.042535424232483,0.6314406991004944,0.33239317890803444
2022-12-02,1.052842140197754,0.6369791626930237,0.3364711279014436
2022-12-05,1.0544185638427734,0.6404590606689453,0.3341339258241407
2022-12-06,1.0496923923492432,0.6322599649429321,0.33862876947390963
2022-12-07,1.0469011068344116,0.6324390769004822,0.3356360478339119
2022-12-08,1.051325798034668,0.6354088187217712,0.3367208543418948
2022-12-09,1.0559661388397217,0.637860894203186,0.33860349772491427
2022-12-12,1.0522217750549316,0.6393207907676697,0.33321727869430195
2022-12-13,1.0541739463806152,0.638781726360321,0.335775702371401
2022-12-14,1.062665343284607,0.6453902721405029,0.3368348771437608
2022-12-15,1.0676347017288208,0.6453902721405029,0.3418042355879747
2022-12-16,1.064056158065796,0.6343004107475281,0.3506977721712228
2022-12-19,1.05850350856781,0.6371496915817261,0.34194071299226503
2022-12-20,1.0614584684371948,0.6361606121063232,0.34600802928794205
2022-12-21,1.062699317932129,0.6344292163848877,0.3491960723149321
2022-12-22,1.0610079765319824,0.6289505958557129,0.3536661960997366
2022-12-23,1.060333013534546,0.6251992583274841,0.3572101300772039
2022-12-26,1.0667804479599,0.6292901635169983,0.359056776810492
2022-12-27,1.064022183418274,0.6306999325752258,0.35471303232462936
2022-12-28,1.0637166500091553,0.6273289918899536,0.35819858712142594
2022-12-29,1.062925100326538,0.6318396925926208,0.35233413173358286
2022-12-30,1.066075325012207,0.6345902681350708,0.3523909544664914
2023-01-02,1.0709733963012695,0.6374799013137817,0.3540392342919738
2023-01-03,1.0677714347839355,0.6326391100883484,0.3562814108463117
2023-01-04,1.0546854734420776,0.6247110962867737,0.3521115955970855
2023-01-05,1.0606365203857422,0.6285117864608765,0.3537882417017405
2023-01-06,1.0522217750549316,0.6230801343917847,0.3514821390378673
2023-01-09,1.0656323432922363,0.6359097957611084,0.35046398175186855
2023-01-10,1.073318362236023,0.6369507908821106,0.3569792579582083
2023-01-11,1.0738946199417114,0.6371902227401733,0.35728624148260135
2023-01-12,1.0766000747680664,0.6367682814598083,0.36046622753359914
2023-01-13,1.0860239267349243,0.638781726360321,0.36762568272571006
2023-01-16,1.082461953163147,0.6385084390640259,0.3643710584497354
2023-01-17,1.083012938499451,0.6389898657798767,0.36438061297639956
2023-01-18,1.0793308019638062,0.6432895064353943,0.3558629368983288
2023-01-19,1.0797853469848633,0.6445499658584595,0.3548999212741647
2023-01-20,1.083388328552246,0.6395497918128967,0.36412628889947374
2023-01-23,1.086507797241211,0.648908257484436,0.35672087087422166
2023-01-24,1.0874292850494385,0.6490219235420227,0.35751452550751006
2023-01-25,1.088814616203308,0.6493295431137085,0.3585538959818513
2023-01-26,1.0922038555145264,0.6484116911888123,0.3629753865048614
2023-01-27,1.0894432067871094,0.6490893363952637,0.3594526321844279
2023-01-30,1.0871455669403076,0.6492199301719666,0.3570081216054334
2023-01-31,1.0850694179534912,0.6468890905380249,0.35755332359186986
2023-02-01,1.0860947370529177,0.6438201069831848,0.3620301384146518
2023-02-02,1.1012852191925049,0.6516398787498474,0.368426207574187
2023-02-03,1.09051251411438,0.6477187275886536,0.36206337834637314
2023-02-06,1.079086184501648,0.6327711939811707,0.36744761399052384
2023-02-07,1.0730764865875244,0.6308802366256714,0.3635645586956676
2023-02-08,1.0729728937149048,0.6321991682052612,0.3619776451649188
2023-02-09,1.0715816020965576,0.6314606666564941,0.3614169004985881
2023-02-10,1.0742292404174805,0.6327512264251709,0.3626131261798774
2023-02-13,1.0677714347839355,0.6312298774719238,0.3578662874876777
2023-02-14,1.073041915893555,0.6361404061317444,0.35761420115243236
2023-02-15,1.0735719203948977,0.6335489153862,0.3610586947885427
2023-02-16,1.0691757202148438,0.6279789805412292,0.3629266553487658
2023-02-17,1.0665756464004517,0.6245394349098206,0.364194825474088
2023-02-20,1.0684444904327393,0.6236202716827393,0.36709739545851816
2023-02-21,1.068261981010437,0.6257705092430115,0.36449664702943674
2023-02-22,1.065200924873352,0.6216199398040771,0.36610347927037157
2023-02-23,1.0605803728103638,0.6224014759063721,0.36060398195840515
2023-02-24,1.0598047971725464,0.6230801343917847,0.35906516115548204
2023-02-27,1.055475831031799,0.6165608167648315,0.3620680677688711
2023-02-28,1.0611205101013184,0.6164202094078064,0.36787087922416983
2023-03-01,1.0577309131622314,0.6186893582344055,0.36192931114196214
2023-03-02,1.066894292831421,0.6256999969482422,0.3632082596610934
2023-03-03,1.0599732398986816,0.6221303939819336,0.36030171809739053
2023-03-06,1.0626201629638672,0.6209598779678345,0.3642650480264743
2023-03-07,1.0688328742980957,0.6198398470878601,0.3717373887211015
2023-03-08,1.05507493019104,0.6111199259757996,0.36778619981115623
2023-03-09,1.0549525022506714,0.6114711761474609,0.3672687425577744
2023-03-10,1.0584698915481567,0.6101207137107849,0.37230491331545634
2023-03-13,1.0683646202087402,0.6160799264907837,0.37549768445258136
2023-03-14,1.0725010633468628,0.6216315627098083,0.37339054618168344
2023-03-15,1.0727657079696655,0.6230685114860535,0.37203914351480005
2023-03-16,1.0583354234695437,0.6164582371711731,0.36504302512222675
2023-03-17,1.0614134073257446,0.6203396916389465,0.36375577754054955
2023-03-20,1.0678855180740356,0.6273211240768433,0.3623763036284101
2023-03-21,1.071914792060852,0.6242586970329285,0.3698496996368288
2023-03-22,1.0774236917495728,0.6192985773086548,0.38093693876912915
2023-03-23,1.0870392322540283,0.6232509613037109,0.38610747778946775
2023-03-24,1.0835057497024536,0.6246915459632874,0.38095385889541633
2023-03-27,1.077818512916565,0.6211102604866028,0.37929427207441513
2023-03-28,1.0807071924209597,0.620351254940033,0.38303655810721804
2023-03-29,1.0839520692825315,0.6253712773323059,0.3806357267046472
2023-03-30,1.0843634605407717,0.6221303939819336,0.3846919387394806
2023-03-31,1.0904649496078491,0.6269789338111877,0.3853405753600869
2023-04-03,1.080333590507507,0.6224905848503113,0.3802569843453576
2023-04-04,1.091226577758789,0.6302706599235535,0.38240020302902034
2023-04-05,1.0960105657577517,0.6315284371376038,0.38576964689711535
2023-04-06,1.090334177017212,0.6318516731262207,0.37972973466014415
2023-04-07,1.0920130014419556,0.6245706081390381,0.38959712191543816
2023-04-10,1.0913575887680054,0.6255004405975342,0.3878959842655836
2023-04-11,1.086932897567749,0.6227386593818665,0.38657729734472035
2023-04-12,1.0917507410049438,0.6195096373558044,0.39502662186170034
2023-04-13,1.0999890565872192,0.6218286752700806,0.4006568591338786
2023-04-14,1.1054610013961792,0.6303500533103943,0.3965453378415448
2023-04-17,1.098659634590149,0.6201512217521667,0.40121396521353136
2023-04-18,1.0925379991531372,0.618268609046936,0.3972095876844647
2023-04-19,1.0975382328033447,0.6215118169784546,0.3985623862456392
2023-04-20,1.095218300819397,0.6161999106407166,0.40221642632115506
2023-04-21,1.0970927476882937,0.6179285645484924,0.4021467632060016
2023-04-24,1.0992271900177002,0.614341139793396,0.4083157599664827
2023-04-25,1.1059499979019165,0.6175889372825623,0.41138597117043885
2023-04-26,1.0978394746780396,0.6147415041923523,0.4064777795843124
2023-04-27,1.1047282218933103,0.6120887398719788,0.4163499265289168
2023-04-28,1.1032048463821411,0.6146394610404968,0.41195791290115424
2023-05-01,1.1010911464691162,0.6172115802764893,0.40695150979035977
2023-05-02,1.0969241857528689,0.6164810061454773,0.4036061805503728
2023-05-03,1.1010911464691162,0.6226611733436584,0.40082268999407966
2023-05-04,1.1068925857543943,0.6208904981613159,0.40861549798828045
2023-05-05,1.102292776107788,0.6290218234062195,0.39487089046104185
2023-05-08,1.10186767578125,0.6299212574958801,0.39343425232127316
2023-05-09,1.0996140241622925,0.6338581442832947,0.386753027967797
2023-05-10,1.096467137336731,0.6338782906532288,0.3835834837677575
2023-05-11,1.098406195640564,0.6371212005615234,0.38187544215081903
2023-05-12,1.0912145376205444,0.6294216513633728,0.3833429902341593
2023-05-15,1.0852696895599363,0.6195594668388367,0.38848953028336874
2023-05-16,1.0873701572418213,0.6243288516998291,0.38522616620903904
2023-05-17,1.0865668058395386,0.6237408518791199,0.3850841017867114
2023-05-18,1.0838346481323242,0.624609649181366,0.3813748615635494
2023-05-19,1.0775396823883057,0.6235813498497009,0.3762363603890374
2023-05-22,1.0822745561599731,0.6284209489822388,0.37552843676207903
2023-05-23,1.0811045169830322,0.6286303400993347,0.3741229083646027
2023-05-24,1.076971173286438,0.6250195503234863,0.3740503962907852
2023-05-25,1.0757315158843994,0.610608696937561,0.3890177331403061
2023-05-26,1.072443604469299,0.6053400635719299,0.3916551273530984
2023-05-29,1.0723055601119995,0.6057815551757812,0.3910205647332011
2023-05-30,1.0707669258117676,0.6044487357139587,0.3909808699320845
2023-05-31,1.073306918144226,0.6046789884567261,0.3932619112657021
2023-06-01,1.0695186853408811,0.6025112867355347,0.3919115583292606
2023-06-02,1.0760787725448608,0.6065789461135864,0.393897000965572
2023-06-05,1.0698620080947876,0.6058182716369629,0.3885357199861714
2023-06-06,1.0711798667907717,0.6070613265037537,0.3884555918634063
2023-06-07,1.0698047876358032,0.6078399419784546,0.38620485210842237
2023-06-08,1.0707440376281738,0.6042296290397644,0.3912043974543513
2023-06-09,1.078271746635437,0.609440267086029,0.3928720245774113
2023-06-12,1.0750954151153564,0.6130606532096863,0.38562406901653357
2023-06-13,1.0762988328933716,0.6129103302955627,0.3869965456656532
2023-06-14,1.078934907913208,0.6159418225288391,0.3862232891294318
2023-06-15,1.084304690361023,0.6196900010108948,0.3873777273859149
2023-06-16,1.0945948362350464,0.623538613319397,0.39333957736447844
2023-06-19,1.0942115783691406,0.6232001185417175,0.39333700360999324
2023-06-20,1.0924304723739624,0.6202396750450134,0.3948853250573293
2023-06-21,1.0920368432998655,0.6166787147521973,0.39849648747268507
2023-06-22,1.0992635488510132,0.6207093596458435,0.4011901763542437
2023-06-23,1.0958904027938845,0.6182800531387329,0.4005491208639701
2023-06-26,1.0906671285629272,0.614870011806488,0.3991609089148379
2023-06-27,1.091048002243042,0.6163100004196167,0.397922316588999
2023-06-28,1.0957223176956177,0.6157407760620117,0.4032368034210547
2023-06-29,1.0915838479995728,0.6074300408363342,0.4084449028990699
2023-06-30,1.086802959442139,0.606678307056427,0.4045094427644633
2023-07-03,1.0907504558563232,0.6132185459136963,0.4011015376125535
2023-07-04,1.091309905052185,0.6156005859375,0.39898205392783537
2023-07-05,1.0884946584701538,0.619809091091156,0.3914337622577473
2023-07-06,1.0856584310531616,0.6176995635032654,0.39096998986301223
2023-07-07,1.0890636444091797,0.616351842880249,0.39589090113122105
2023-07-10,1.0969723463058472,0.6205899715423584,0.39903324221463776
2023-07-11,1.100594401359558,0.6206515431404114,0.4025860515055212
2023-07-12,1.101406455039978,0.6199589371681213,0.40417703622568535
2023-07-13,1.1144545078277588,0.6305209994316101,0.40534659175832355
2023-07-14,1.1223469972610474,0.6391900181770325,0.40348957273356734
2023-07-17,1.1227755546569824,0.6365818381309509,0.4068513886869144
2023-07-18,1.123759627342224,0.6321192383766174,0.4128542709199744
2023-07-19,1.1228890419006348,0.6296991109848022,0.4147054528627858
2023-07-20,1.120523452758789,0.6262878179550171,0.4161763337094635
2023-07-21,1.113709807395935,0.6230296492576599,0.4130269488823701
2023-07-24,1.112532615661621,0.6169000864028931,0.4187432968497926
2023-07-25,1.1063170433044434,0.6200205087661743,0.40901837872732316
2023-07-26,1.1050456762313845,0.6216585636138916,0.40590479282171255
2023-07-27,1.1078368425369265,0.6212299466133118,0.4091779981209551
2023-07-28,1.0978755950927734,0.6187467575073242,0.40200943966533775
2023-07-31,1.1024264097213743,0.6160100698471069,0.4096380374057128
2023-08-01,1.0997591018676758,0.6204898357391357,0.40193261431233307
2023-08-02,1.100788116455078,0.614148736000061,0.4100930710334898
2023-08-03,1.0944151878356934,0.6086301207542419,0.4099265871797506
2023-08-04,1.095158338546753,0.6082391738891602,0.41110941161625625
2023-08-07,1.1002674102783203,0.6100090146064758,0.4142280531100331
2023-08-08,1.100315809249878,0.6106571555137634,0.41354752814646345
2023-08-09,1.0958904027938845,0.6056678295135498,0.41473330762367744
2023-08-10,1.0977671146392822,0.606207549571991,0.4160030297474845
2023-08-11,1.0981649160385132,0.6013337969779968,0.42188203882811015
2023-08-14,1.094439148902893,0.5984584093093872,0.42139004211317
2023-08-15,1.0909883975982666,0.5974786281585693,0.41904118998507667
2023-08-16,1.0904173851013184,0.5957380533218384,0.4204276942026388
2023-08-17,1.0874884128570557,0.5931304097175598,0.42043137721291746
2023-08-18,1.0874648094177246,0.5925890803337097,0.4210165734037893
2023-08-21,1.087559461593628,0.5926803946495056,0.42100853002436667
2023-08-22,1.0898351669311523,0.5929685831069946,0.42296012765301294
2023-08-23,1.0846692323684692,0.5940676331520081,0.4165581595755412
2023-08-24,1.086578607559204,0.5974286794662476,0.4146875741466429
2023-08-25,1.07991361618042,0.591957688331604,0.4141754676453151
2023-08-28,1.0797386169433594,0.5910863876342773,0.41498036633759894
2023-08-29,1.082555651664734,0.5907477140426636,0.4181782862713511
2023-08-30,1.0869210958480835,0.5967476963996887,0.4157959219130677
2023-08-31,1.0932546854019165,0.5952983498573303,0.42375950175626564
2023-09-01,1.0844104290008545,0.5976964831352234,0.4122182133885024
2023-09-04,1.07758629322052,0.5942582488059998,0.4092608468075316
2023-09-05,1.0794472694396973,0.5937396287918091,0.41170508283538476
2023-09-06,1.0726161003112793,0.58841872215271,0.4108580078479278
2023-09-07,1.0724204778671265,0.5870990753173828,0.4121465104657317
2023-09-08,1.0697818994522097,0.588200032711029,0.40826975345915273
2023-09-11,1.071811318397522,0.5901411175727844,0.40811615448361205
2023-09-12,1.0750375986099243,0.5916810035705566,0.40961062028880335
2023-09-13,1.075326681137085,0.5909885764122009,0.41067843275475135
2023-09-14,1.073422074317932,0.5920312404632568,0.407601206255887
2023-09-15,1.0637166500091553,0.5906001329421997,0.399505259938871
2023-09-18,1.0668259859085083,0.5905383825302124,0.4026840427020084
2023-09-19,1.0692671537399292,0.5921399593353271,0.40332401629608616
2023-09-20,1.0682048797607422,0.5951495170593262,0.39887707914488835
2023-09-21,1.065303087234497,0.5925294160842896,0.3989219519065156
2023-09-22,1.0661548376083374,0.5931796431541443,0.3990424321673981
2023-09-25,1.0648492574691772,0.595710039138794,0.39489107238707954
2023-09-26,1.0591648817062378,0.5967299342155457,0.38805968379960787
2023-09-27,1.0569483041763306,0.5947707891464233,0.38804643538720096
2023-09-28,1.0505305528640747,0.591621458530426,0.3851705411616031
2023-09-29,1.0562450885772705,0.5964398384094238,0.3854661434563923
2023-10-02,1.0565240383148191,0.5995886921882629,0.3822037723765014
2023-10-03,1.0480751991271973,0.5941911935806274,0.37982516557304813
2023-10-04,1.0472300052642822,0.5913485288619995,0.3821769406556995
2023-10-05,1.0507071018218994,0.5918700695037842,0.385067492755678
2023-10-06,1.0546631813049316,0.596640944480896,0.383658064641188
2023-10-09,1.056747317314148,0.5972787737846375,0.3850248735371252
2023-10-10,1.0578875541687012,0.6031108498573303,0.37960613564857915
2023-10-11,1.0604791641235352,0.6041894555091858,0.3809847046313639
2023-10-12,1.0624282360076904,0.6019490957260132,0.3854533704045783
2023-10-13,1.0536741018295288,0.5921609997749329,0.3877073015064234
2023-10-16,1.052155375480652,0.5906604528427124,0.3878761473542386
2023-10-17,1.055431246757507,0.5901515483856201,0.39172435195444444
2023-10-18,1.057305932044983,0.5894801616668701,0.39435410430144513
2023-10-19,1.053851842880249,0.5853909850120544,0.3954988588528604
2023-10-20,1.0586491823196411,0.5842998623847961,0.401523316331285
2023-10-23,1.0589966773986816,0.5829306244850159,0.40341070847099714
2023-10-24,1.0669853687286377,0.5851101279258728,0.40894824727089407
2023-10-25,1.059535264968872,0.5846996307373047,0.40195980427452926
2023-10-26,1.056725025177002,0.5792199373245239,0.40531223627335167
2023-10-27,1.0564459562301636,0.5828898549079895,0.4009058383206533
2023-10-30,1.0562450885772705,0.5808415412902832,0.40300858212910373
2023-10-31,1.061503529548645,0.584030270576477,0.4046808567696488
2023-11-01,1.0579099655151367,0.5807403326034546,0.40478728220857796
2023-11-02,1.05870521068573,0.5879793763160706,0.3974412232734934
2023-11-03,1.061909317970276,0.5895808935165405,0.39884420335434867
2023-11-06,1.073214769363403,0.5996102690696716,0.39887023724295223
2023-11-07,1.0721560716629028,0.5963000655174255,0.4015343204566718
2023-11-08,1.0696102380752563,0.5936000347137451,0.40202504428463415
2023-11-09,1.07104229927063,0.5912017226219177,0.40615433854766614
2023-11-10,1.0667576789855957,0.5889298915863037,0.40442470592010604
2023-11-13,1.069015622138977,0.5894210338592529,0.40613029177852245
2023-11-14,1.0701825618743896,0.5882906913757324,0.408568457696182
2023-11-15,1.0878314971923828,0.6004491448402405,0.4125435334494396
2023-11-16,1.0854581594467163,0.6028890609741211,0.4074261731468084
2023-11-17,1.0853756666183472,0.596530556678772,0.414494696278666
2023-11-20,1.090702772140503,0.599621057510376,0.41634610692898544
2023-11-21,1.0945948362350464,0.6039800047874451,0.41533593299706284
2023-11-22,1.0918222665786743,0.6054185032844543,0.41094557317604474
2023-11-23,1.0890873670578003,0.6021299958229065,0.41190905431995284
2023-11-24,1.0906314849853516,0.604880154132843,0.41036023953030976
2023-11-27,1.0940439701080322,0.6077501177787781,0.4105450542946699
2023-11-28,1.095842361450195,0.6103999614715576,0.4093633305564619
2023-11-29,1.100594401359558,0.614601731300354,0.40938990018047816
2023-11-30,1.0973695516586304,0.6155892014503479,0.40505450396187026
2023-12-01,1.089205980300903,0.6157673001289368,0.3966906360510659
2023-12-04,1.088814616203308,0.6215388178825378,0.38980840340111
2023-12-05,1.0837758779525757,0.6165000200271606,0.3904364890149954
2023-12-06,1.0793657302856443,0.613399088382721,0.38951376710905306
2023-12-07,1.076669692993164,0.6140506863594055,0.3860849179296121
2023-12-08,1.079214334487915,0.616158127784729,0.3862594505799365
2023-12-11,1.0765769481658936,0.6124711632728577,0.3877685648883331
2023-12-12,1.076658010482788,0.612291157245636,0.3880520688351784
2023-12-13,1.0798670053482056,0.6137492060661316,0.3896212864979949
2023-12-14,1.0886130332946775,0.6190800070762634,0.39237209271722373
2023-12-15,1.0993602275848389,0.6213298439979553,0.4005890347676101
2023-12-18,1.0895264148712158,0.6209907531738281,0.3911365765019307
2023-12-19,1.092382788658142,0.6213804483413696,0.3935546842701093
2023-12-20,1.0981045961380005,0.6270418167114258,0.39290950138706005
2023-12-21,1.094570875167847,0.6253986954689026,0.3912236971099039
2023-12-22,1.100618600845337,0.6294692158699036,0.39269356060441507
2023-12-25,1.102657437324524,0.6319299340248108,0.3919649797819842
2023-12-26,1.1020255088806152,0.6306001543998718,0.3928285721209235
2023-12-27,1.1043012142181396,0.6328513026237488,0.3925725504783223
2023-12-28,1.110864281654358,0.6349488496780396,0.39677663665639595
2023-12-29,1.1068191528320312,0.6334887742996216,0.39437356418084857
2024-01-01,1.1055831909179688,0.6319698691368103,0.39484582082838693
2024-01-02,1.1038745641708374,0.6315284371376038,0.39363364531020106
2024-01-03,1.0941756963729858,0.625,0.391276906415288
2024-01-04,1.0927767753601074,0.6251289248466492,0.3897329916124813
2024-01-05,1.0947387218475342,0.6231298446655273,0.39394317976445037
2024-01-08,1.0942236185073853,0.6248789429664612,0.3914609738975119
2024-01-09,1.095170259475708,0.6251797676086426,0.3920692960226686
2024-01-10,1.093242645263672,0.6238303184509277,0.39165932369874024
2024-01-11,1.0975141525268557,0.6229597926139832,0.39690985745378826
2024-01-12,1.0981649160385132,0.6242314577102661,0.3961304579935917
2024-01-15,1.094570875167847,0.6232999563217163,0.3935840190410944
2024-01-16,1.094570875167847,0.6190685629844666,0.3983428050516351
2024-01-17,1.087878942489624,0.6140884160995483,0.3972517351241651
2024-01-18,1.0885775089263916,0.611340343952179,0.4010408881002966
2024-01-19,1.0879143476486206,0.6120250821113586,0.39960764422488515
2024-01-22,1.089229702949524,0.6118303537368774,0.4011419984678577
2024-01-23,1.088020920753479,0.607389509677887,0.40492755853654117
2024-01-24,1.0857881307601929,0.610340416431427,0.3993760664851089
2024-01-25,1.088174819946289,0.6108586192131042,0.4011799650980953
2024-01-26,1.0847046375274658,0.6108884811401367,0.3976761988194689
2024-01-29,1.0843517780303955,0.609289824962616,0.39912124891077905
2024-01-30,1.0834470987319946,0.613481879234314,0.3935020258123565
2024-01-31,1.08433997631073,0.613180935382843,0.3947333563015625
2024-02-01,1.0803920030593872,0.611190915107727,0.39302343559961217
2024-02-02,1.0874648094177246,0.6145714521408081,0.39629436133401386
2024-02-05,1.0780043601989746,0.6064502000808716,0.39596738130865716
2024-02-06,1.0741831064224243,0.6053085327148438,0.3934300901082911
2024-02-07,1.075719952583313,0.6099792718887329,0.3897140452075243
2024-02-08,1.077574610710144,0.6109594106674194,0.3904664019559083
2024-02-09,1.077725529670715,0.6107914447784424,0.3908062217486652
2024-02-12,1.0798202753067017,0.6147717237472534,0.38842459415125763
2024-02-13,1.0772264003753662,0.6127901673316956,0.3880592529906878
2024-02-14,1.070893168449402,0.6057815551757812,0.3896081730706037
2024-02-15,1.073214769363403,0.609061598777771,0.38824091209844935
2024-02-16,1.0773887634277344,0.6111199259757996,0.39010003304785057
2024-02-19,1.0784927606582642,0.6136400103569031,0.38836984745907
2024-02-20,1.0775396823883057,0.6142581701278687,0.38672156318109197
2024-02-21,1.0813149213790894,0.616819441318512,0.3876162990988249
2024-02-22,1.082040309906006,0.6180316805839539,0.3869783572052323
2024-02-23,1.0825674533843994,0.6195287704467773,0.3858218164387671
2024-02-26,1.0820051431655884,0.6186893582344055,0.3862035411453191
2024-02-27,1.0850930213928225,0.6167091131210327,0.3915184784029683
2024-02-28,1.084481120109558,0.6170287728309631,0.39054707564241053
2024-02-29,1.0838816165924072,0.6097100377082825,0.39817850022406465
2024-03-01,1.0804970264434814,0.6085797548294067,0.3960650692237335
2024-03-04,1.084269404411316,0.6103813648223877,0.39781128801710086
2024-03-05,1.0855170488357544,0.6096594333648682,0.39987084403821593
2024-03-06,1.0855995416641235,0.6087798476219177,0.40094255247359933
2024-03-07,1.089953899383545,0.6127901673316956,0.4007867519988665
2024-03-08,1.0950144529342651,0.6178789138793945,0.40012430748434025
2024-03-11,1.0942955017089844,0.6179400086402893,0.39933664676545044
2024-03-12,1.093135118484497,0.6170782446861267,0.3991454360859392
2024-03-13,1.0927767753601074,0.614960789680481,0.4011684634595628
2024-03-14,1.0955302715301514,0.6165000200271606,0.4021908825925711
2024-03-15,1.0883406400680542,0.6124786734580994,0.39952381055030384
2024-03-18,1.0882576704025269,0.608698308467865,0.4036923832483511
2024-03-19,1.087393879890442,0.6082687973976135,0.4033116372347513
2024-03-20,1.0863306522369385,0.6048984527587891,0.4060388274506401
2024-03-21,1.0937210321426392,0.6089614629745483,0.408859791413552
2024-03-22,1.0862362384796145,0.6046388149261475,0.40623641228274177
2024-03-25,1.0807539224624634,0.5990211963653564,0.4070718839277089
2024-03-26,1.0838228464126587,0.6001608371734619,0.4088591244458982
2024-03-27,1.0832358598709106,0.6007593870162964,0.4075989859677378
2024-03-28,1.0813382863998413,0.5992509126663208,0.4073979001691166
2024-03-29,1.0794472694396973,0.5974700450897217,0.4075097146724388
2024-04-01,1.0792726278305054,0.5986589789390564,0.40599795280078754
2024-04-02,1.0737217664718628,0.5952416062355042,0.40429039886320306
2024-04-03,1.076855182647705,0.5969401001930237,0.4055136240830598
2024-04-04,1.0838346481323242,0.6014711856842041,0.40739725835336604
2024-04-05,1.0837054252624512,0.6027800440788269,0.4057960435126028
2024-04-08,1.0830481052398682,0.6004491448402405,0.40776014149692497
2024-04-09,1.0863661766052246,0.6034383773803711,0.4077164081657054
2024-04-10,1.0859296321868896,0.6067924499511719,0.40350774606505657
2024-04-11,1.074171543121338,0.5974607467651367,0.40224444560383843
2024-04-12,1.0726851224899292,0.600121259689331,0.39776591086829693
2024-04-15,1.0649627447128296,0.594558596611023,0.3962995157258935
2024-04-16,1.0625749826431274,0.5902804136276245,0.3987231610837888
2024-04-17,1.0621461868286133,0.5892091989517212,0.3994990940684384
2024-04-18,1.0669398307800293,0.5912995934486389,0.4019418007999861
2024-04-19,1.0644185543060305,0.5903501510620117,0.40048830337349905
2024-04-22,1.065825343132019,0.5900297164916992,0.4022554651142608
2024-04-23,1.065405249595642,0.5921199917793274,0.3994845684253201
2024-04-24,1.0704345703125,0.5936902165412903,0.4027479546059455
2024-04-25,1.0699878931045532,0.593591570854187,0.4024122180925578
2024-04-26,1.072961449623108,0.5958410501480103,0.40285592457325126
2024-04-29,1.0706866979599,0.5947707891464233,0.4017848291707703
2024-04-30,1.0715701580047607,0.5971611142158508,0.3999800386573813
2024-05-01,1.0666552782058716,0.5879517197608948,0.40542239440830297
2024-05-02,1.0721560716629028,0.5930107831954956,0.4052335725589339
2024-05-03,1.073306918144226,0.5963882803916931,0.4025859571325887
2024-05-06,1.0758124589920044,0.6007593870162964,0.40017558508883155
2024-05-07,1.0767507553100586,0.6009507179260254,0.4008987033829977
2024-05-08,1.0750491619110107,0.5997199416160583,0.400581287870325
2024-05-09,1.0746910572052002,0.6004202961921692,0.399435537749971
2024-05-10,1.078515887260437,0.6036205291748047,0.3996612639794842
2024-05-13,1.077040672302246,0.6018512845039368,0.40017580892256077
2024-05-14,1.079354166984558,0.6023406982421875,0.40193889028582463
2024-05-15,1.0814552307128906,0.6043282151222229,0.4018047168781613
2024-05-16,1.0889805555343628,0.6130606532096863,0.3995092094355399
2024-05-17,1.0867793560028076,0.6124201416969299,0.39802835353161736
2024-05-20,1.0875475406646729,0.6136701107025146,0.3973907754710664
2024-05-21,1.086082935333252,0.6108101606369019,0.3991425788443793
2024-05-22,1.0855170488357544,0.6093807816505432,0.40018422636272577
2024-05-23,1.0825204849243164,0.6100090146064758,0.3964811277560292
2024-05-24,1.0812681913375854,0.609730064868927,0.39554255166206964
2024-05-27,1.0847634077072144,0.6121711730957031,0.3962924048016877
2024-05-28,1.0861891508102417,0.6152294278144836,0.3942787182387739
2024-05-29,1.0851871967315674,0.6140695810317993,0.3945811720002358
2024-05-30,1.0801819562911987,0.6113590598106384,0.392624286898281
2024-05-31,1.0835410356521606,0.6116507053375244,0.3956553705985313
2024-06-03,1.0853049755096436,0.6148586869239807,0.3938114922554915
2024-06-04,1.0907385349273682,0.6193599700927734,0.39418273728505393
2024-06-05,1.0881866216659546,0.6174706816673279,0.39375558970064317
2024-06-06,1.087453007698059,0.6196286082267761,0.3905950893848217
2024-06-07,1.0894432067871094,0.6197015643119812,0.3925032392834549
2024-06-10,1.077888250350952,0.6106199026107788,0.3911618652802259
2024-06-11,1.0764262676239014,0.6128314733505249,0.38721266591817793
2024-06-12,1.07403302192688,0.614601731300354,0.38282852074780016
2024-06-13,1.0813149213790894,0.6186816692352295,0.38552196669996697
2024-06-14,1.0738831758499146,0.6161011457443237,0.3809923761135363
2024-06-17,1.0702168941497805,0.6137416958808899,0.37997962153975984
2024-06-18,1.0740677118301392,0.613800048828125,0.3837648132745153
2024-06-19,1.0742292404174805,0.614058256149292,0.38363595208008616
2024-06-20,1.0751532316207886,0.6139414310455322,0.3846913292419054
2024-06-21,1.0706409215927124,0.6122798919677734,0.3820476493053877
2024-06-24,1.0687757730484009,0.6111199259757996,0.3814870426685171
2024-06-25,1.0732723474502563,0.6120513081550598,0.38493614921950814
2024-06-26,1.0709619522094729,0.6119089722633362,0.3827858303404209
2024-06-27,1.068010926246643,0.6080284118652344,0.3841990303106847
2024-06-28,1.0708472728729248,0.6084686517715454,0.3865402663810671
2024-07-01,1.0735257863998413,0.6099197268486023,0.38758684564270185
2024-07-02,1.0737102031707764,0.6064796447753906,0.391640109656222
2024-07-03,1.0748412609100342,0.6082206964492798,0.39081311441175093
2024-07-04,1.0793308019638062,0.6107205748558044,0.3924911970543429
2024-07-05,1.0810693502426147,0.611340343952179,0.39353272941651973
2024-07-08,1.082602620124817,0.6141110062599182,0.3919500070051357
2024-07-09,1.0830950736999512,0.6131207942962646,0.393556090645956
2024-07-10,1.0814785957336426,0.6127113103866577,0.3924001338709592
2024-07-11,1.083329677581787,0.6087983250617981,0.39865190795904937
2024-07-12,1.0872756242752075,0.6094588041305542,0.4018550547513161
2024-07-15,1.0885539054870603,0.6095516681671143,0.40302889753288307
2024-07-16,1.0901559591293335,0.6076810956001282,0.40673466828533633
2024-07-17,1.0902509689331057,0.6069099307060242,0.4076969594825862
2024-07-18,1.094020128250122,0.608061671257019,0.4101708275361794
2024-07-19,1.0901559591293335,0.6043793559074402,0.4104479304209294
2024-07-22,1.0899182558059692,0.6024205088615417,0.412413221046804
2024-07-23,1.0889805555343628,0.5978501439094543,0.4166155271663772
2024-07-24,1.0850694179534912,0.595291256904602,0.4155822113124643
2024-07-25,1.0839520692825315,0.5927295684814453,0.41734583495012145
2024-07-26,1.0851283073425293,0.5889801979064941,0.4227387578744971
2024-07-29,1.0853756666183472,0.5889000296592712,0.4230762774126605
2024-07-30,1.081946611404419,0.5877305269241333,0.4209624894905414
2024-07-31,1.081607222557068,0.5902003049850464,0.4178454942264227
2024-08-01,1.082391619682312,0.595181405544281,0.4130279560624769
2024-08-02,1.078760266304016,0.5936197638511658,0.41115288437448183
2024-08-05,1.0910836458206177,0.594700038433075,0.42226134597677
2024-08-06,1.0950982570648191,0.5950503945350647,0.42588193341274283
2024-08-07,1.0926215648651123,0.5974107980728149,0.4207506415482416
2024-08-08,1.0928125381469729,0.5986088514328003,0.4195942384188406
2024-08-09,1.0915720462799072,0.6007015705108643,0.41600019501946695
2024-08-12,1.091381311416626,0.5994916558265686,0.41717017626425523
2024-08-13,1.0936251878738403,0.6023406982421875,0.41620991117510686
2024-08-14,1.0996986627578735,0.6079211831092834,0.4160073603624057
2024-08-15,1.101321578025818,0.6000707745552063,0.42645914390768525
2024-08-16,1.0972732305526731,0.5980896949768066,0.4246387939360875
2024-08-19,1.1024993658065796,0.6057485342025757,0.4212515070711562
2024-08-20,1.1086474657058716,0.6117704510688782,0.42062713004476837
2024-08-21,1.112792730331421,0.6157407760620117,0.42030721605685795
2024-08-22,1.115536093711853,0.6162492632865906,0.42247871534950543
2024-08-23,1.111716389656067,0.6143600344657898,0.4207837099370698
2024-08-26,1.118793487548828,0.6224092245101929,0.41880838232207007
2024-08-27,1.1164700984954834,0.6205514073371887,0.41857436517731317
2024-08-28,1.117793083190918,0.6244106888771057,0.4155570549535257
2024-08-29,1.1124955415725708,0.6247500777244568,0.4098778237189734
2024-08-30,1.10804545879364,0.6263309121131897,0.40364987441370037
2024-09-02,1.1044842004776,0.625,0.40158541051990226
2024-09-03,1.1067456007003784,0.6230490803718567,0.4060408892161632
2024-09-04,1.1048868894577026,0.618739128112793,0.4090293143377616
2024-09-05,1.10804545879364,0.6186702251434326,0.4122653745757594
2024-09-06,1.1111111640930176,0.6224402189254761,0.4110912013670629
2024-09-09,1.1087212562561035,0.6171315908432007,0.4146715787387357
2024-09-10,1.1037527322769165,0.6142317652702332,0.41296430897767233
2024-09-11,1.1020983457565308,0.6150099039077759,0.41043479812648964
2024-09-12,1.1010911464691162,0.6132185459136963,0.4114422282253465
2024-09-13,1.1077877283096311,0.6187008619308472,0.41197318879446765
2024-09-16,1.1088441610336304,0.6164087653160095,0.4156074006177237
2024-09-17,1.1129536628723145,0.6196094155311584,0.41611732939511814
2024-09-18,1.1123099327087402,0.619398295879364,0.4157110324279961
2024-09-19,1.1114816665649414,0.6208904981613159,0.41320457879882755
2024-09-20,1.1161960363388062,0.6237019300460815,0.4147571052609319
2024-09-23,1.1160838603973389,0.6236202716827393,0.41473676542311777
2024-09-24,1.111172795295715,0.6267195343971252,0.40634015150276925
2024-09-25,1.1191190481185913,0.6352190971374512,0.4047274725410941
2024-09-26,1.1131023168563845,0.6257195472717285,0.4093942966481021
2024-09-27,1.117717981338501,0.6331197619438171,0.40568739802871734
2024-09-30,1.1169815063476562,0.634981095790863,0.40285759614379923
2024-10-01,1.113660216331482,0.6345298290252686,0.4000438179092001
2024-10-02,1.1063904762268066,0.6282985806465149,0.3997819769170876
2024-10-03,1.1048502922058103,0.6261191964149475,0.40069281135884594
2024-10-04,1.103557825088501,0.6217281222343445,0.4043387134065931
2024-10-07,1.0974539518356323,0.6160784363746643,0.40458869192078095
2024-10-08,1.0975743532180786,0.6128502488136292,0.40833963591188027
2024-10-09,1.0975743532180786,0.6131395697593689,0.4080142545636084
2024-10-10,1.0943313837051392,0.6070908308029175,0.4115739271198845
2024-10-11,1.0933860540390017,0.6096000075340271,0.4078066817928079
2024-10-14,1.0925379991531372,0.6091692447662354,0.40744307911212685
2024-10-15,1.0909169912338257,0.6089614629745483,0.4060557505047385
2024-10-16,1.0884116888046265,0.6056311726570129,0.4072958193305849
2024-10-17,1.0862481594085691,0.6058696508407593,0.404864088291669
2024-10-18,1.0829542875289917,0.6060715913772583,0.4013431063980938
2024-10-21,1.0868619680404663,0.6076700091362,0.40345314545579725
2024-10-22,1.0817828178405762,0.6023297905921936,0.4043798083002139
2024-10-23,1.079727053642273,0.604580283164978,0.39979305449196034
2024-10-24,1.0780508518218994,0.6006186604499817,0.4025722443718106
2024-10-25,1.0824151039123535,0.6008387804031372,0.406688941184315
2024-10-28,1.0796570777893066,0.5979001522064209,0.4072358081870401
2024-10-29,1.0816774368286133,0.5986300110816956,0.4084353401539139
2024-10-30,1.0820636749267578,0.5971183180809021,0.41052168574173087
2024-10-31,1.085917830467224,0.5971112251281738,0.4143838182868209
2024-11-01,1.0886130332946775,0.5971503853797913,0.4170349800047124
2024-11-04,1.087453007698059,0.5987414717674255,0.41408555809355585
2024-11-05,1.0874056816101074,0.5973715782165527,0.41557886643645114
2024-11-06,1.093445897102356,0.60165935754776,0.41679688208308174
2024-11-07,1.073306918144226,0.5938806533813477,0.40540612991856806
2024-11-08,1.0795172452926636,0.6022282242774963,0.4022284610958231
2024-11-11,1.0714898109436035,0.5966302156448364,0.4004967603372741
2024-11-12,1.066439151763916,0.596911609172821,0.39512963528507095
2024-11-13,1.061672568321228,0.5923293828964233,0.39551639793037063
2024-11-14,1.0564124584197998,0.5882906913757324,0.39479835424159215
2024-11-15,1.0530084371566772,0.5849800705909729,0.3951175831282556
2024-11-18,1.0533745288848877,0.5863211154937744,0.3939754847133331
2024-11-19,1.059490442276001,0.5890703797340393,0.39699947089203647
2024-11-20,1.0607603788375854,0.5919612050056458,0.39501827531699485
2024-11-21,1.0546187162399292,0.5884000062942505,0.39288167234340043
2024-11-22,1.0469341278076172,0.5857407450675964,0.3881877903085229
2024-11-25,1.0479873418807983,0.5862111449241638,0.3887119747977401
2024-11-26,1.0444300174713137,0.5811284184455872,0.3908708780546194
2024-11-27,1.0491198301315308,0.5837098360061646,0.3926575302673079
2024-11-28,1.0562450885772705,0.5893411636352539,0.39344958331089996
2024-11-29,1.0563008785247805,0.5896400213241577,0.3931692665257699
2024-12-02,1.0545074939727783,0.5906500220298767,0.3902399967355177
2024-12-03,1.0501223802566528,0.5884602665901184,0.38831756533764716
2024-12-04,1.0510826110839844,0.5882110595703125,0.3895580638652516
2024-12-05,1.051414132118225,0.5857201814651489,0.3926909212291749
2024-12-06,1.058559536933899,0.5882214307785034,0.3970233258596657
2024-12-09,1.056546330451965,0.5838802456855774,0.39989238137581196
2024-12-10,1.0555204153060913,0.5858985781669617,0.3965965726957025
2024-12-11,1.0532968044281006,0.58022141456604,0.4007577160984793
2024-12-12,1.0506850481033323,0.5794212818145752,0.3990458195222073
2024-12-13,1.0474056005477903,0.5770307183265686,0.39845489065952433
2024-12-16,1.051005244255066,0.5770706534385681,0.40200962181975786
2024-12-17,1.0517348051071167,0.5791997909545898,0.40034467357794434
2024-12-18,1.0495051145553589,0.5758113265037537,0.40192577912587835
2024-12-19,1.0350252389907837,0.5617314577102661,0.4032806599416321
2024-12-20,1.0364949703216553,0.562749981880188,0.4036049202219745
2024-12-23,1.0433076620101929,0.5651601552963257,0.4077070391460458
2024-12-24,1.0405826568603516,0.5646591186523438,0.4055455188774515
2024-12-25,1.0402579307556152,0.5648000836372375,0.40506225818502195
2024-12-26,1.0399551391601562,0.5650898814201355,0.40443354897207273
2024-12-27,1.0423181056976318,0.5625594258308411,0.4096423621843591
2024-12-30,1.0429377555847168,0.5639394521713257,0.40870998191970587
2024-12-31,1.040615200996399,0.5639712810516357,0.4063516313610589
